부정,점수
가난,-1
가난뱅이,-1
가난살이,-1
가난살이하다,-1
가난설음,-1
가난에,-1
가난에 쪼들려서,-1
가난하게,-1
가난하고,-1
가난하고 어렵다,-1
가난하고 천한,-1
가난하다,-1
가난하여,-1
가난한,-1
가난한 데다가,-1
가난한 사람을,-1
가난히,-1
가년스럽다,-1
가녕스럽다,-1
가누지 못하고,-1
가누지 못하다,-1
가누지 못할,-1
가누지 못할 정도로,-1
가누지 못함,-1
가눌 수 없게,-1
가눌 수 없을,-1
가눌 수 없이,-1
가당찮다,-1
가당찮이,-1
가두거나 해치거나,-1
가망이 없게,-1
가슴 아파하다,-1
가슴 아파함,-1
가슴 아프게,-1
가슴 아프고,-1
가슴 아프다,-1
가슴속에 근심이나,-1
가슴앓이,-1
가슴앓이하다,-1
가슴이 갑갑할,-1
가슴이 괴롭거나,-1
가슴이 그득한,-1
가슴이 답답하고,-1
가슴이 답답하다,-1
가슴이 답답하며,-1
가슴이 아프다,-1
가슴이 아픈,-1
가슴이 울렁거리는,-1
가슴이 울렁거리다,-1
가슴이 찢어질,-1
가엾고 불쌍하다,-1
가엾고 불쌍하여,-1
가엾고 불쌍한,-1
가엾고 불쌍함,-1
가엾고 애처롭다,-1
가음 아프고,-1
가짜,-1
가치 없는,-1
가치가 없다,-1
가치가 없을,-1
가치가 없이,-1
가치없는,-1
가혹하게,-1
가혹하게 착취하여,-1
간 장애,-1
간사한 짓을,-1
감금하여,-1
감정의 불화,-1
강간죄,-1
강개무량,-1
강개무량하다,-1
강제로 누르다,-1
강제로 누름,-1
강제로 빼앗아,-1
강제적으로,-1
강탈,-1
강탈하다,-1
강한 비판이나,-1
개짓하다,-1
거만스럽게,-1
거만을,-1
거만을 떠는,-1
거만을 떨다,-1
거만하게,-1
거만하게 행동하는,-1
거만하게 행동하다,-1
거만하고,-1
거만하다,-1
거만한 태도로,-1
거부감,-1
거부하거나,-1
거북스럽게,-1
거북스럽게 저는,-1
거북스럽게 절다,-1
거북하거나,-1
거북하거나 괴로움,-1
거북하거나 괴롭다,-1
거북하거나 더럽고,-1
거북하게,-1
거북하고,-1
거북하고 불편한,-1
거북하고 주체스럽게,-1
거북하다,-1
거북한,-1
거북한 모양,-1
거북한 상태로,-1
거북한 소리가,-1
거북할,-1
거북할 만큼,-1
거슬려 불쾌하다,-1
거절하거나,-1
거절하거나 싫다는,-1
거절하다,-1
거짓,-1
거짓말,-1
거친,-1
거친 데가,-1
거친 말로,-1
거친 모양,-1
거친 목소리로,-1
거친 성질이나,-1
거친 소리가,-1
거칠거나 사납게,-1
거칠게,-1
거칠게 나는,-1
거칠게 말다툼하다,-1
거칠게 말함,-1
거칠게 몰아쉬는,-1
거칠게 몰아쉬다,-1
거칠게 소리가,-1
거칠게 쉬는,-1
거칠게 울려,-1
거칠게 일다,-1
거칠게 잇따라,-1
거칠게 행동하다,-1
거칠고,-1
거칠고 가쁘게,-1
거칠고 격한,-1
거칠고 깔끄럽게,-1
거칠고 껄끄럽게,-1
거칠고 나쁘다,-1
거칠고 무뚝뚝하다,-1
거칠고 사나우며,-1
거칠고 세차다,-1
거칠고 심하다,-1
거칠고 험하게,-1
거칠고 험한,-1
거칠다,-1
거칠면서,-1
거칠면서 가쁘고,-1
거칠어져,-1
걱정이나 언짢은,-1
건강에 해로운,-1
건방져,-1
건방지게,-1
건방지게 행동하다,-1
건방지네,-1
건방지다,-1
건방지며,-1
건방짐,-1
검사에 불합격한,-1
겁에 지리다,-1
겁에 질려,-1
겁에 질려서,-1
겁에 질리거나,-1
겁이 많고,-1
겁이 많다,-1
겁이 많아,-1
겁이 많은,-1
겁이 많음,-1
겁쟁이,-1
게걸스럽게,-1
게걸스럽게 돌아다니는,-1
게걸스럽게 돌아다니다,-1
게을러빠지다,-1
게을러터지다,-1
격노,-1
격노하다,-1
격분,-1
격분하다,-1
격하게,-1
격하게 되다,-1
격하시키다,-1
격한,-1
격한 감정이,-1
격한 기운이,-1
격한 느낌이,-1
견디기 어렵게,-1
견디기가 어려울,-1
견딜 수 없는,-1
결딴날,-1
결딴날 듯이,-1
결석,-1
결석하다,-1
결핍,-1
결핍증,-1
겹거나,-1
겹게,-1
겹게 여기다,-1
경련을 일으키다,-1
경련이 일어나,-1
경망스러우며 추잡하다,-1
경망스럽게 내흔들거나,-1
경망스럽다,-1
경멸,-1
경멸하다,-1
경멸히,-1
경멸히 여겨,-1
경박스럽게 함부로,-1
경상,-1
경솔하고 방정맞게,-1
계속 부정하다,-1
계속 불평을,-1
고난,-1
고단하다,-1
고단하여,-1
고달프다,-1
고도화,-1
고도화되다,-1
고되다,-1
고생스러운,-1
고생하거나 두려워하여,-1
고약하게,-1
고약하다,-1
고약함,-1
고약해서,-1
고충,-1
고통,-1
고통스러운,-1
고통스러운 상태,-1
고통스러운 일이나,-1
고통스럽거나,-1
고통스럽게,-1
고통스럽게 일함,-1
고통스럽다,-1
고통을,-1
고통을 당하여,-1
고통을 이른다,-1
고통을 주다,-1
고통을 주며,-1
고통이,-1
고통이 지속되는,-1
고통이나,-1
고통이나 곤란에,-1
고통이나 시달림으로,-1
고통이나 어려운,-1
고통이라는,-1
고통이라는 뜻으로,-1
고한,-1
곤궁하고,-1
곤궁하다,-1
곤혹스러운,-1
곤혹스럽다,-1
골골 앓아서,-1
골나다,-1
골리는,-1
골리는 짓,-1
골이 나게,-1
곰팡이,-1
공개적으로 비난하다,-1
공격받다,-1
공연히 미워하고,-1
공포,-1
공포나 긴장으로,-1
공포증,-1
과음,-1
과장되다,-1
과장된,-1
과체중,-1
관절염,-1
괄시,-1
괄시하다,-1
괘씸하고 얄미운,-1
괘씸하고 얄밉다,-1
괘씸한,-1
괘씸한 데가,-1
괴로운,-1
괴로운 느낌,-1
괴로운 느낌을,-1
괴로운 모양,-1
괴로운 상태가,-1
괴로운 상태로,-1
괴로운 상태에,-1
괴로울,-1
괴로울 때에,-1
괴로움,-1
괴로움과,-1
괴로움과 아픔,-1
괴로움을,-1
괴로움을 가져오며,-1
괴로움을 느끼다,-1
괴로움이나,-1
괴로워,-1
괴로워하는,-1
괴로워하는 모양이나,-1
괴로워하다,-1
괴로워하며,-1
괴롭거나,-1
괴롭거나 성가시다,-1
괴롭게,-1
괴롭게 내는,-1
괴롭게 되다,-1
괴롭게 소리를,-1
괴롭게 여기다,-1
괴롭고,-1
괴롭고 귀찮게,-1
괴롭고 귀찮다,-1
괴롭고 아픈,-1
괴롭다,-1
괴롭히거나,-1
괴롭히거나 못살게,-1
괴롭히는,-1
괴롭히는 일,-1
괴롭히는 짓을,-1
괴롭히다,-1
괴멸,-1
괴멸되다,-1
괴멸하다,-1
괴사가,-1
괴사가 일어난,-1
괴상하고,-1
괴상한,-1
괴상한 데가,-1
괴상한 일,-1
괴이하게,-1
괴이하게 여기다,-1
구슬프고 쓸쓸한,-1
구역날,-1
구역날 듯하다,-1
구역이 나려는,-1
구역질,-1
구역질나는,-1
구역질나다,-1
구역질을,-1
구역질을 하는,-1
구역질이,-1
구역질이 나는,-1
구역질이 나다,-1
구역질이 나서,-1
구역질하다,-1
구차스러운,-1
구차스러운 짓을,-1
구차스럽게,-1
구차스럽게 구는,-1
구차스럽게 굴다,-1
구차하여,-1
굴욕,-1
굴욕감,-1
굴욕을,-1
굴욕을 당하거나,-1
굴욕을 당하여,-1
굴욕적,-1
굼뜨고 거추장스럽게,-1
굼뜨고 게으르게,-1
굼뜨고 좀스럽게,-1
굽신,-1
굽신거리다,-1
굽신굽신,-1
굽신굽신하다,-1
굽신대다,-1
굽신하다,-1
굽실,-1
굽실거리다,-1
굽실굽실,-1
굽실굽실하다,-1
굽실대다,-1
굽실하다,-1
굽혀서 산다는,-1
궁상스러운,-1
궁상스러운 모양,-1
궁상스럽다,-1
궁색하게,-1
궁색하다,-1
궁색하여,-1
궁핍하다,-1
궁핍히,-1
궁하고,-1
궁하다,-1
귀양을 보내던,-1
귀양이 보내어지다,-1
귀찮고 성가시다,-1
귀찮아하도록 성가시게,-1
귀찮은,-1
그대로 설사하는,-1
그른,-1
그른 짓을,-1
그릇되거나,-1
그릇되게,-1
그릇되게 하는,-1
그릇되게 하다,-1
그릇되다,-1
그릇된,-1
그릇된 방향으로,-1
그릇된 일을,-1
그릇된 짓을,-1
그와 이별하다,-1
극혐,-1
근심이나 걱정이,-1
근심하거나 안타까워,-1
금지되다,-1
금지된 물건을,-1
금지하는 말과,-1
금지하려,-1
금지하려 할,-1
금지함,-1
급성 염증,-1
급성 위장염의,-1
급작스럽게 화를,-1
기능 장애로,-1
기만하다,-1
기분 나쁠,-1
기분을 나쁘게,-1
기분이 나쁘거나,-1
기분이 상하다,-1
기운 없이,-1
기운이 다하여,-1
기운이 빠져,-1
기운이 빠져서,-1
기운이 쇠약하여,-1
기운이 없거나,-1
기운이 없고,-1
기운이 없는,-1
기운이 없다,-1
기운이 없어,-1
기운이 없어지고,-1
기운이 없이,-1
기운이나 의욕 따위가 없이,-1
기절하듯이,-1
기절하듯이 쓰러지다,-1
기절할,-1
기절할 듯이,-1
기죽다,-1
기준에 어긋나,-1
기피되어 따돌림을,-1
기피하여 따돌리거나,-1
길이 막막하게,-1
길이 막막하다,-1
깊이 근심함,-1
깊이 슬퍼하다,-1
깊이 슬퍼함,-1
까마득하다,-1
까마아득하게,-1
까무러질,-1
까무러질 듯하다,-1
까무러질 듯한,-1
까무러칠,-1
까무러칠 듯,-1
까무러칠 듯이,-1
까무러칠 듯하게,-1
까무러칠 듯하다,-1
까무러칠 듯한,-1
깎아내려 헐뜯음,-1
깔깔하며 거북하고,-1
깔보면서 놀리다,-1
깔보아 업신여기다,-1
깔보아 업신여김,-1
깜찍스럽게 지껄이며,-1
꺼려지거나,-1
꺼리는,-1
꺼리는 날,-1
꺼리는 마음으로,-1
꺼리다,-1
꺼리어,-1
꺼리어 피하거나,-1
꺼린다,-1
꺼림,-1
꺼림칙하고,-1
꺼림칙하여,-1
꺼림칙해,-1
꺼림칙해 보일,-1
꼬이거나,-1
꼬이거나 틀어지다,-1
꼴사나운,-1
꼴사납게,-1
꼴사납게 우는,-1
꼴사납다,-1
꽉 막힌,-1
꾸짖어 혼쭐을,-1
꿉신대다,-1
끔살,-1
끔직하고,-1
끔직하고 절망적이다,-1
끔찍하게,-1
끔찍하다,-1
끔찍한,-1
끔찍한 느낌,-1
끔찍한 느낌이,-1
끔찍함,-1
끝나는 사랑,-1
끝내 패가망신한다는,-1
끝장이 나다,-1
끼치도록 무섭고,-1
나가자빠지는,-1
나가자빠지는 모양,-1
나무라며 못마땅하게,-1
나빠지게,-1
나빠지게 하다,-1
나빠지다,-1
나빠지도록,-1
나빠진,-1
나빠진 모양,-1
나쁘거나,-1
나쁘거나 궂게,-1
나쁘거나 궂다,-1
나쁘게,-1
나쁘게 되다,-1
나쁘게 만들다,-1
나쁘게 말하여,-1
나쁘고,-1
나쁘다,-1
나쁜,-1
나쁜 기운을,-1
나쁜 놈,-1
나쁜 말로,-1
나쁜 버릇,-1
나쁜 생각을,-1
나쁜 일,-1
나쁜 일을,-1
나쁜 짓을,-1
나쁜 징조의,-1
나쁜 처지로,-1
나쁜 흉계,-1
나쁜놈,-1
나쁠,-1
나쁠 정도로,-1
나타나는 불쾌한,-1
나태하다,-1
나태한,-1
낙담,-1
낙담하다,-1
낙망,-1
낙망하다,-1
낙심,-1
낙심되다,-1
낙심하다,-1
난잡스러운,-1
난잡스러운 짓,-1
난잡하다,-1
난잡한,-1
난잡한 상태가,-1
난처하거나,-1
난처하고,-1
난폭하거나,-1
난폭하거나 주책없는,-1
난폭한 행위로,-1
난하다,-1
날카롭고 격하게,-1
남에게 복종하면서,-1
남에게 억지로,-1
남에게 폐를,-1
남용하다,-1
남을 괴롭히는,-1
남을 굴복시킴,-1
남을 깎아내리기,-1
남을 낮추어,-1
남을 낮추어 보듯이,-1
남을 멸시하거나,-1
남을 못살게,-1
남을 성가시게,-1
남을 업신여기는,-1
남을 조롱하거나,-1
남을 해치려다가,-1
남을 헐뜯고,-1
남을 헐뜯다,-1
남을 헐뜯어,-1
남을 헐뜯으려고,-1
남을 헐뜯음,-1
남의 어리석은,-1
남이 병들거나,-1
납치,-1
낭비 된,-1
낭비된,-1
낭패,-1
낮잡는,-1
낮잡는 뜻으로,-1
낮잡아,-1
낮잡아 이르는,-1
낮추어,-1
낮추어 보거나,-1
낮추어 보듯이,-1
낮추어 보아,-1
낮추어 이르는,-1
내거나 불평을,-1
내놓기가 싫다,-1
내는 성,-1
내던져 버리다,-1
내던져 버림,-1
내버려지다,-1
내버리거나,-1
내숭스럽고 거칠다,-1
내용이 못마땅하거나,-1
내쫓기다,-1
내쫓김을 당하다,-1
내쫓는,-1
내쫓는 일,-1
내쫓다,-1
내쫓아,-1
냉담한,-1
냉랭하거나,-1
냉랭하고,-1
냉랭하며,-1
너무 더디거나,-1
너무 볼품없이,-1
너무 쇠약해지거나,-1
너무 예민하거나,-1
너무 지나치거나,-1
너무하다,-1
너절하게,-1
너절하다,-1
너절한,-1
너절한 상태,-1
너절한 상태이다,-1
넌더리가,-1
넌더리가 날,-1
넌씨눈,-1
노답,-1
노략질하는,-1
노략질하는 짓을,-1
노략질함을,-1
노여운,-1
노여운 감정이,-1
노여움,-1
노여움 따위를,-1
노여움을,-1
노여움을 나타내다,-1
노엽거나,-1
노엽거나 언짢은,-1
노예,-1
노하여,-1
노하여 화증,-1
노한다,-1
노함,-1
녹이 심하게,-1
놀라거나 두려워서,-1
놀라거나 떪,-1
놀라거나 무서워,-1
놀라거나 불안하여,-1
놀라거나 슬퍼서,-1
놀라거나 아파서,-1
놀라거나 어색한,-1
놀랍거나 언짢아서,-1
놀리다 비아냥대다,-1
놀림조,-1
놀림조로,-1
놀림조로 이르는,-1
농락하여,-1
농지거리를,-1
농지거리를 하다,-1
뇌의 장애로,-1
뇌종양,-1
뇌진탕,-1
뇌출혈,-1
뇌타박상,-1
눈꼴 사납게,-1
눈꼴사납게,-1
눈꼴사납고,-1
눈꼴사납다,-1
눈물겹다,-1
눈물을 흘리다,-1
눈물이 넘칠듯이,-1
눈물이 많이,-1
눈물이 좔좔,-1
눈알을 경망스럽게,-1
눈에 거슬리다,-1
눌러 없애다,-1
느개비,-1
느글거리는,-1
느글거리는 모양,-1
느글거리다,-1
느글대다,-1
느금마,-1
느끼는 고통,-1
느끼하다,-1
느끼해지는 모양,-1
느끼해지다,-1
늘 앓거나,-1
늙은이를 낮잡아,-1
능력이 없는,-1
능력이 없다,-1
능력이 없어지다,-1
능력이 없이,-1
다루기가 거북하고,-1
다소 건방지게,-1
다소 비굴하게,-1
다치게 하다,-1
다치게 함,-1
다치게 함으로써,-1
다침,-1
다투거나,-1
다투거나 우기다,-1
다투는,-1
다투는 것을,-1
다투는 모양,-1
다투는 소리,-1
다투다,-1
다툼을,-1
닦달하거나,-1
단단히 꾸짖어,-1
답답하고 갑갑한,-1
답답하고 분한,-1
답답하고 분함,-1
답답하고 안타깝게,-1
당하거나 배척되다,-1
당한 고통을,-1
당황한,-1
대드는 짓,-1
대들다,-1
대상을 무서워하여,-1
대상을 위협하기,-1
더러운,-1
더러운 데가,-1
더러운 도랑이라는,-1
더러운 때에,-1
더러운 모양,-1
더러운 무리,-1
더러운 점,-1
더러움,-1
더러워,-1
더러워져서,-1
더러워지거나,-1
더러워지다,-1
더러워진,-1
더러워진 상태,-1
더러워진 옷,-1
더럽게,-1
더럽게 꼴로,-1
더럽게 생각하고,-1
더럽게 아첨을,-1
더럽게 여겨져,-1
더럽고,-1
더럽고 궁상스러운,-1
더럽고 치사하여,-1
더럽다,-1
더럽혀서,-1
더럽혀진,-1
더럽혀진 물,-1
더럽히는,-1
더럽히는 일을,-1
더럽히는 짓을,-1
더럽히다,-1
더부룩이,-1
더부룩하고,-1
더부룩하다,-1
더욱 심해지는,-1
더위에 괴로워하는,-1
덤벼들어,-1
덤비거나,-1
덤비는 짓을,-1
덤비다,-1
덩이가 볼품없이,-1
도둑을 맞은,-1
도둑질하다,-1
도둑질한,-1
도리가 없다,-1
도리가 없이,-1
도리에 어그러지고,-1
도리에 어긋남에도,-1
도박에서 져서,-1
도중에 실패로,-1
독,-1
독 작용,-1
독사,-1
독살스러운,-1
독살스러운 데가,-1
독이,-1
독차지함,-1
독하거나,-1
독한,-1
독한 냄새,-1
돈을 빼앗기거나,-1
돈을 축냄,-1
돌겠네,-1
돌과 같은 머리라는,-1
동작이 거칠게,-1
되는 서러운,-1
되는대로 지껄이다,-1
되는대로 팽개치다,-1
되바라지게,-1
되바라지게 행동하는,-1
되바라지게 행동하다,-1
되지 못하다,-1
되지못한,-1
되지못한 소리로,-1
되지못한 희떠운,-1
두려운,-1
두려운 마음을,-1
두려운 마음이,-1
두려운 인물이,-1
두려움,-1
두려움 따위를,-1
두려움으로,-1
두려움을,-1
두려움을 주는,-1
두려움이나,-1
두려워,-1
두려워서,-1
두려워서 몸을,-1
두려워하는,-1
두려워하는 병,-1
두려워하여,-1
두려워하여 경계하는,-1
두려워함,-1
두렵거나,-1
두렵거나 무서워,-1
두렵거나 싫어서,-1
두렵거나 춥거나,-1
두렵거나 흥분,-1
두렵고,-1
두렵고 무서움,-1
두렵다,-1
두창을,-1
두창을 앓을,-1
두통,-1
둔하고 미련한,-1
뒤끓다,-1
뒤떨어져,-1
뒤떨어지거나,-1
뒤떨어지거나 모자라다,-1
뒤떨어지거나 못하다,-1
뒤지어 훔치다,-1
뒤틀리다,-1
뒤틀리어서,-1
듣기 거북하게,-1
듣기 거북한,-1
듣기 싫게,-1
듣기 싫도록,-1
듣기 싫은,-1
들끓다,-1
들볶거나 번거롭게,-1
들어 앓는,-1
들지 아니하거나,-1
들지 아니하여,-1
들추어내어 일러바치다,-1
따돌리거나 멀리함,-1
따돌림을,-1
따돌림을 당하거나,-1
따돌림을 당하여,-1
따르지 않고,-1
따위가 성가시고,-1
따위를 아프고,-1
따지며 싸우다,-1
딱딱한 말씨로,-1
딱하고,-1
딱하고 불쌍하게,-1
딱하다,-1
딱하여,-1
딱한,-1
딱한 사정에,-1
딱한 일을,-1
딱한 형편을,-1
딱한 형편이,-1
딱함,-1
때가 찌들어서,-1
때려 죽여서,-1
떠벌리다,-1
떡실신,-1
떳떳하지 못하거나,-1
떳떳하지 못하게,-1
떳떳하지 못하다,-1
떳떳하지 못하여,-1
떳떳하지 못한,-1
또는 슬프게,-1
또라이,-1
똥꼬충,-1
뜻대로 되지 아니하거나,-1
뜻대로 되지 아니하여,-1
뜻대로 되지 않아,-1
뜻대로 안 되거나,-1
뜻으로 두려워서,-1
뜻이 맞지 아니하여,-1
띠꾸,-1
마구 가두거나,-1
마구 내버리거나,-1
마구 다그치다,-1
마구 들볶다,-1
마구 때림을,-1
마구 떠들거나,-1
마구 떠들어,-1
마구 죄어들거나,-1
마구 죽이는,-1
마구 죽이는 일,-1
마구 죽임을,-1
마구 지껄이는,-1
마구 쳐부수는,-1
마구 헐뜯는,-1
마구 헝클어지거나,-1
마구 화풀이를,-1
마땅하지 않은,-1
마비되는,-1
마비되는 병증,-1
마음속이 답답하여,-1
마음에 근심이,-1
마음에 들지 아니하다,-1
마음에 들지 아니하여,-1
마음에 들지 아니하여서,-1
마음에 들지 않거나,-1
마음에 들지 않다,-1
마음에 들지 않아,-1
마음에 멍이 들거나,-1
마음에 못마땅하거나,-1
마음에 못마땅하여,-1
마음에 못마땅할,-1
마음에 미안하게,-1
마음에 미안하고,-1
마음에 미안하다,-1
마음에 미안함,-1
마음에 안 들거나,-1
마음에 언짢고,-1
마음에 언짢아서,-1
마음으로 근심함,-1
마음으로 좀스럽게,-1
마음을 놓을 수 없게,-1
마음을 상하게,-1
마음의 괴로움과,-1
마음이 거북하다,-1
마음이 괴로운,-1
마음이 괴롭고,-1
마음이 구슬퍼질,-1
마음이 답답하고,-1
마음이 맞지 아니하여,-1
마음이 몹시 상함,-1
마음이 무거워지다,-1
마음이 불안하거나,-1
마음이 불안하게,-1
마음이 불안하다,-1
마음이 불안한,-1
마음이 불편하고,-1
마음이 불편하여,-1
마음이 상하게,-1
마음이 상하다,-1
마음이 상함,-1
마음이 서운하거나,-1
마음이 슬프다,-1
마음이 쓰리고,-1
마음이 아프고,-1
마음이 아프다,-1
마음이 아픈,-1
마음이 아플,-1
마음이 안타깝거나,-1
마음이 안타깝게,-1
마음이 언짢게,-1
마음이 언짢고,-1
마음이 언짢아서,-1
마음이 언짢아지다,-1
마음이 우울하게,-1
마음이 조급하여,-1
마음이 좁고,-1
마음이 좁아,-1
마음이 지치어,-1
마음이 초조하고,-1
마음이 초조하고 불안하다,-1
마음이 초조한,-1
마음이 초초하고,-1
마이너스,-1
막되게,-1
막되게 행동하다,-1
막되다,-1
막되어,-1
막막하게,-1
막막하다,-1
막연하다,-1
막혀,-1
막히는,-1
막히는 것을,-1
막히는 모양,-1
막히는 장애물을,-1
막히다,-1
막힌 듯이,-1
많이 무질서하게,-1
많이 상하다,-1
많이 상해서,-1
말다툼하다,-1
말대꾸하다,-1
말대답을,-1
말대답을 하며,-1
말라죽은,-1
말라죽을,-1
말라죽을 꼴로,-1
말에 부정하여,-1
말을 부정하며,-1
말을 함부로,-1
말이 버릇없고,-1
망상,-1
망신,-1
망신스러운,-1
망신스러운 일을,-1
망치는 짓을,-1
망치다,-1
망하는,-1
망하는 때,-1
망하다,-1
망할,-1
망할 꼴로,-1
맞갖지 않게,-1
맞갖지 않다,-1
맞추기 힘들,-1
맞추기 힘들 만큼,-1
매독,-1
매독균의,-1
매독균의 침입으로,-1
매로 때리는,-1
매몰차게,-1
매몰차고,-1
매섭게 공격하다,-1
매섭게 독하거나,-1
매스껍고,-1
매슥매슥하여,-1
매우 가난하여,-1
매우 가쁘고,-1
매우 가소롭게,-1
매우 가소롭다,-1
매우 간지럽고,-1
매우 거만하게,-1
매우 거만하고,-1
매우 거친,-1
매우 거칠게,-1
매우 거칠고,-1
매우 거칠다,-1
매우 경망스럽게,-1
매우 경망스럽고,-1
매우 경망하게,-1
매우 경박하다,-1
매우 고통스럽게,-1
매우 괴로워하다,-1
매우 괴롭다,-1
매우 교만하고,-1
매우 굼뜨게,-1
매우 귀찮을,-1
매우 근심하다,-1
매우 근지럽고,-1
매우 급하게,-1
매우 급하고,-1
매우 까다로운,-1
매우 까다롭게,-1
매우 까다롭다,-1
매우 깔깔하며,-1
매우 나빠지거나,-1
매우 난폭하거나,-1
매우 눈꼴사납고,-1
매우 느끼하다,-1
매우 느리고,-1
매우 능청스럽고,-1
매우 답답하다,-1
매우 더운,-1
매우 떨어지고,-1
매우 멋없이,-1
매우 멍한,-1
매우 메스껍고,-1
매우 메스껍다,-1
매우 모질고,-1
매우 못된,-1
매우 못마땅해하면서,-1
매우 못마해하면서,-1
매우 미덥지,-1
매우 미련하고,-1
매우 밉살스러운,-1
매우 방정맞게,-1
매우 복잡하게,-1
매우 부산한,-1
매우 비굴하게,-1
매우 비속하게,-1
매우 빤빤스럽고,-1
매우 뻔뻔스럽고,-1
매우 서먹서먹하게,-1
매우 성기게,-1
매우 소란스럽게,-1
매우 소스라치게,-1
매우 수더분하거나,-1
매우 시끄럽고,-1
매우 신경질적으로,-1
매우 심한,-1
매우 심함을,-1
매우 안타깝게,-1
매우 알짤지근하다,-1
매우 알짤지근한,-1
매우 애를,-1
매우 애통할,-1
매우 약한,-1
매우 얄밉게,-1
매우 어려운,-1
매우 어리석고,-1
매우 어리석은,-1
매우 어수선하게,-1
매우 어수선하다,-1
매우 어지러우며,-1
매우 어지럽게,-1
매우 어찔어찔한,-1
매우 엉성하고,-1
매우 엉성한,-1
매우 옹졸하고,-1
매우 요란스럽게,-1
매우 요란하게,-1
매우 우락부락하고,-1
매우 우물쭈물하다,-1
매우 우악스러운,-1
매우 위태롭거나,-1
매우 위태하여,-1
매우 인색한,-1
매우 자리자리한,-1
매우 저린,-1
매우 절면서,-1
매우 추운,-1
매우 치사하고,-1
매우 허전하고,-1
매우 허전하다,-1
매우 허전한,-1
매우 흉하게,-1
매우 흐리멍덩하다,-1
매우 흐리멍덩한,-1
매우 힘들게,-1
매우 힘없이,-1
매질을,-1
매질을 하고,-1
매질을 하다,-1
맥없게,-1
맥없는,-1
맥없이,-1
맥없이 느리게,-1
맥없이 주저앉거나,-1
맥없이 폭,-1
맥이 빠져,-1
맥이 풀려,-1
맥이 풀리거나,-1
맥이 풀리다,-1
맥이 풀림,-1
맺힌 노여움,-1
머리가 몹시 어지러워,-1
머리가 몹시 울리고,-1
머리가 아픈,-1
머저리,-1
먹기 싫은,-1
멋없다,-1
멋없이,-1
멋없이 걷는,-1
멋없이 까다롭게,-1
멋없이 까다롭다,-1
멋없이 우쭐하는,-1
멋없이 우쭐하다,-1
멋없이 행동하는,-1
멋없이 행동하다,-1
멋없이 흔들리는,-1
멋없이 흔들리다,-1
멋이 없다,-1
멍청이,-1
멍청하거나,-1
멍청하고,-1
멍청하다,-1
멍청한,-1
멍청한 모양,-1
멍청한 사람,-1
멍청한 정도로,-1
메말라,-1
메스꺼움,-1
메스꺼워,-1
메스꺼워 구역질이,-1
메스꺼워 토하며,-1
메스껍고,-1
메스껍고 느끼하다,-1
메스껍고 느끼해지다,-1
메스껍다,-1
메슥메슥하여,-1
메슥메슥한,-1
메슥메슥한 느낌이,-1
멘붕,-1
면색여토하다,-1
멸망시키다,-1
멸망함,-1
멸명되다,-1
멸시,-1
멸시감,-1
멸시당하는,-1
멸시당하는 느낌,-1
멸시되다,-1
멸시하거나,-1
멸시하다,-1
멸여,-1
멸여되다,-1
멸여하다,-1
명망을 잃거나,-1
명망을 잃다,-1
명망을 잃음,-1
명예 훼손,-1
명예롭지 못한,-1
명존세,-1
모두 잃거나,-1
모두 지쳐,-1
모양이 흉하게,-1
모양이 흉하고,-1
모욕,-1
모욕을,-1
모욕을 당하거나,-1
모조리 파괴되어,-1
모조리 파괴하여,-1
모조리 훔치거나,-1
모진,-1
모진 고통을,-1
모질게,-1
모질고,-1
모질고 억세다,-1
모질고 잔인한,-1
모질다,-1
모짊,-1
목구멍에 걸려,-1
목숨을 끊다,-1
목숨이 거의 다 되어,-1
목숨이 거의 다 된 생태,-1
목숨이 얼마 남지 않은,-1
목숨이 위태로울,-1
몰아붙이듯이,-1
몰아붙이듯이 공격하다,-1
몰아쳐서,-1
몸살나다,-1
몸을 더럽히다,-1
몸이 거북하다,-1
몸이 불편하거나,-1
몸이 불편하다,-1
몸이 불편하여,-1
몸이 불편함,-1
몸져눕게,-1
몸져눕게 만들다,-1
몸져눕는,-1
몸져눕는 상태가,-1
몹시 가난하고,-1
몹시 가난하여,-1
몹시 가난한,-1
몹시 가렵고,-1
몹시 가쁘고,-1
몹시 갑갑하고,-1
몹시 거북스럽게,-1
몹시 거북하거나,-1
몹시 거칠게,-1
몹시 거칠고,-1
몹시 거칠다,-1
몹시 거칠어,-1
몹시 겁을,-1
몹시 게으름을,-1
몹시 경망스럽게,-1
몹시 고단하다,-1
몹시 고단하여,-1
몹시 고생스러운,-1
몹시 고통을,-1
몹시 괴로운,-1
몹시 괴롭고,-1
몹시 괴롭다,-1
몹시 괴롭히거나,-1
몹시 구속하다,-1
몹시 군색함,-1
몹시 군소리를,-1
몹시 굳은,-1
몹시 굼뜨고,-1
몹시 궁하고,-1
몹시 귀찮게,-1
몹시 귀찮아하도록,-1
몹시 긴장하거나,-1
몹시 까불어서,-1
몹시 까칠하다,-1
몹시 꺼불다,-1
몹시 꺼칠하다,-1
몹시 난처하거나,-1
몹시 낡고,-1
몹시 노엽거나,-1
몹시 노하여,-1
몹시 놀라,-1
몹시 놀라거나,-1
몹시 느리고,-1
몹시 답답하고,-1
몹시 답답한,-1
몹시 더듬는,-1
몹시 더러운,-1
몹시 더러워진,-1
몹시 더럽고,-1
몹시 더럽다,-1
몹시 더운,-1
몹시 두려워서,-1
몹시 두렵고,-1
몹시 뒤엉키어,-1
몹시 딱하고,-1
몹시 뜨거운,-1
몹시 뜨겁다,-1
몹시 멋없이,-1
몹시 메스꺼워,-1
몹시 못마땅하거나,-1
몹시 못살게,-1
몹시 무덥고,-1
몹시 무서운,-1
몹시 무섭거나,-1
몹시 무질서하게,-1
몹시 미련하거나,-1
몹시 미련하고,-1
몹시 미련한,-1
몹시 미움을,-1
몹시 바쁘게,-1
몹시 버릇없이,-1
몹시 분하거나,-1
몹시 분하고,-1
몹시 분하여,-1
몹시 불평스럽게,-1
몹시 비굴하게,-1
몹시 사나운,-1
몹시 사납다,-1
몹시 살기,-1
몹시 상하다,-1
몹시 상한,-1
몹시 상함,-1
몹시 샐그러뜨리며,-1
몹시 샘바르고,-1
몹시 서두르며,-1
몹시 성을,-1
몹시 소란하고,-1
몹시 소모되어,-1
몹시 수척하다,-1
몹시 쉬거나,-1
몹시 슬퍼하면서,-1
몹시 슬프게,-1
몹시 슬프고,-1
몹시 시끄럽고,-1
몹시 시끄럽다,-1
몹시 시들한,-1
몹시 시장하거나,-1
몹시 시큰둥한,-1
몹시 싫어하는,-1
몹시 싫어하여,-1
몹시 싫어함을,-1
몹시 심하게,-1
몹시 심하여,-1
몹시 심한,-1
몹시 싱겁게,-1
몹시 싸늘한,-1
몹시 쑤시고,-1
몹시 쓰리고,-1
몹시 씁쓰레하게,-1
몹시 아니꼽다,-1
몹시 아리고,-1
몹시 아쉽다,-1
몹시 아프거나,-1
몹시 아프게,-1
몹시 아프고,-1
몹시 아픈,-1
몹시 악독하게,-1
몹시 악한,-1
몹시 안타깝게,-1
몹시 앓는,-1
몹시 앓다,-1
몹시 앓음,-1
몹시 암상스럽게,-1
몹시 애를,-1
몹시 애쓰다,-1
몹시 야위고,-1
몹시 야윈,-1
몹시 약하여지는,-1
몹시 어긋나고,-1
몹시 어려운,-1
몹시 어색하거나,-1
몹시 어수선하게,-1
몹시 어수선하다,-1
몹시 어수선한,-1
몹시 어지러워,-1
몹시 어지럽고,-1
몹시 억누르는,-1
몹시 억누르다,-1
몹시 억울하거나,-1
몹시 언짢거나,-1
몹시 얼떨떨하다,-1
몹시 얽은,-1
몹시 여윈,-1
몹시 외로워하다,-1
몹시 요망스럽게,-1
몹시 우물거리며,-1
몹시 우물쭈물하는,-1
몹시 우직스럽게,-1
몹시 울렁거리는,-1
몹시 울렁거리다,-1
몹시 원망스럽고,-1
몹시 원망하듯,-1
몹시 위태로움,-1
몹시 자지러지게,-1
몹시 지저분하게,-1
몹시 지쳐,-1
몹시 지쳐서,-1
몹시 지치거나,-1
몹시 지친,-1
몹시 찡그리다,-1
몹시 참혹함을,-1
몹시 초라하다,-1
몹시 취하여,-1
몹시 침침해지다,-1
몹시 탄식하다,-1
몹시 피곤하거나,-1
몹시 피로하여,-1
몹시 하찮고,-1
몹시 해지거나,-1
몹시 허둥거리는,-1
몹시 허약할,-1
몹시 허약해진,-1
몹시 허전하다,-1
몹시 허전한,-1
몹시 호된,-1
몹시 화가,-1
몹시 화나게,-1
몹시 화를,-1
몹시 흉악하게,-1
몹시 흉악하다,-1
몹시 흉악한,-1
몹시 흉악함,-1
몹시 흉하거나,-1
몹시 흐려지다,-1
몹시 흐리멍덩하게,-1
몹시 흥분하거나,-1
몹시 힘겹게,-1
몹시 힘들거나,-1
몹쓸,-1
몹쓸 행동을,-1
못 견디게,-1
못 견디다,-1
못 되다,-1
못 되도록,-1
못나게,-1
못나고,-1
못난,-1
못난 사람,-1
못난 사람을,-1
못난 사람의,-1
못난 수단,-1
못난 짓,-1
못난이,-1
못남,-1
못났다,-1
못되게,-1
못되게 굴어,-1
못된,-1
못된 꾀,-1
못된 꾀로,-1
못된 사람을,-1
못된 사람이나,-1
못된 성품을,-1
못된 일에,-1
못된 일을,-1
못된 입,-1
못된 장난을,-1
못된 짓,-1
못된 짓을,-1
못마땅하거나,-1
못마땅하게,-1
못마땅하게 노려보다,-1
못마땅하게 여겨,-1
못마땅하게 여기는,-1
못마땅하게 여기다,-1
못마땅하게 여기어,-1
못마땅하게 여김,-1
못마땅하게 여김을,-1
못마땅하다,-1
못마땅하며,-1
못마땅하여,-1
못마땅하여 군소리를,-1
못마땅하여 기분이,-1
못마땅하여 시들하다,-1
못마땅하여서 내는,-1
못마땅한,-1
못마땅한 것을,-1
못마땅한 것이,-1
못마땅한 사람이나,-1
못마땅할,-1
못마땅할 때,-1
못마땅할 때에,-1
못마땅해하면서,-1
못살게,-1
못살게 구는,-1
못살게 군다는,-1
못살게 굴거나,-1
못살게 굴다,-1
못살게 굴며,-1
못생겨서,-1
못생겨서 흉하게,-1
못생겼다,-1
못생기다,-1
못생김,-1
못하거나,-1
못하게,-1
못하게 되다,-1
못하게 망치다,-1
못하게 방해하다,-1
못하게 하다,-1
못하겠다고,-1
못하겠다고 버티다,-1
못하고,-1
못하고 나쁘다,-1
못하고 몸져눕는,-1
못하고 실없이,-1
못하고 어물어물하다,-1
못하고 엉성하고,-1
못하고 쪼들리게,-1
못하고 허술한,-1
못하는 결점,-1
못하는 상태가,-1
못하다,-1
못하도록 억지로,-1
못하여 당하다,-1
못하여 안타깝다,-1
못하여 어수선하고,-1
못한 데가,-1
못한 상태이다,-1
못한 형편을,-1
몽땅 빼앗거나,-1
몽땅 없애다,-1
무가치하고,-1
무가치하고 무의미하게,-1
무거운 걸음으로,-1
무거운 기운이,-1
무거운 발걸음으로,-1
무거운 분위기나,-1
무겁고 투박하다,-1
무관심하다,-1
무기력,-1
무기력한,-1
무너뜨리다,-1
무너지게,-1
무너지게 하다,-1
무너지는,-1
무너지는 소리가,-1
무너지다,-1
무너짐,-1
무뇌충,-1
무단 결석,-1
무단결석,-1
무더위로,-1
무디다,-1
무례하다,-1
무례한,-1
무례한 것으로,-1
무례한 데가,-1
무례한 사람을,-1
무례함,-1
무분별한,-1
무서운,-1
무서운 꿈에,-1
무서운 느낌이,-1
무서운 말이나,-1
무서운 사람,-1
무서울,-1
무서울 정도로,-1
무서움,-1
무서움 때문에,-1
무서움을,-1
무서움을 느낄,-1
무서워,-1
무서워서,-1
무서워서 간신히,-1
무서워서 지르는,-1
무서워하는,-1
무서워하는 증상,-1
무서워하여,-1
무섭거나,-1
무섭거나 놀라서,-1
무섭거나 두려운,-1
무섭거나 아파서,-1
무섭거나 징그러울,-1
무섭거나 차가움을,-1
무섭거나 추워서,-1
무섭고,-1
무섭고 끔찍하다,-1
무섭고 끔찍한,-1
무섭고 두려워서,-1
무섭기까지,-1
무섭다,-1
무시당하다,-1
무안을,-1
무안을 당하거나,-1
무안을 당하다,-1
무안하거나,-1
무안하고,-1
무안하고 부끄럽게,-1
무안하고 부끄럽다,-1
무엇을 보고도 제대로 알지 못하는 사람,-1
무엇을 잃거나,-1
무의미하게,-1
무의미하다,-1
무의하다,-1
무자비하다,-1
무정한,-1
무정한 행동이나,-1
무지하고,-1
무지하고 포악하며,-1
무지하고 하찮은,-1
무질서하게,-1
무질서하게 고부라져,-1
무질서하게 몰려드는,-1
무질서하게 부러지거나,-1
무질서하게 일어나는,-1
무질서하고,-1
무질서한,-1
무질서한 정치,-1
무책임,-1
무책임하다,-1
문란하게,-1
물건을 훔쳐,-1
물건을 훔치려고,-1
물건을 훔친다는,-1
뭐서워서 자꾸,-1
미개하여,-1
미개한,-1
미덥지 못하게,-1
미덥지 못하다,-1
미덥지 못한,-1
미덥지 못한 행동을,-1
미덥지 아니하고,-1
미덥지 아니한,-1
미덥지 않은,-1
미련이,-1
미련이 남아,-1
미련하거나,-1
미련하고,-1
미련하고 험상궃은,-1
미련하다,-1
미련하여,-1
미련한,-1
미련한 데가,-1
미련한 사람을,-1
미안하고 딱하게,-1
미안하고 딱하다,-1
미안하여 어색하다,-1
미운,-1
미운 듯한,-1
미운 듯한 데가,-1
미운 사람을,-1
미운 얼굴이나,-1
미운 짓을,-1
미움을,-1
미움을 받을,-1
미움을 받을 만한,-1
미워하고,-1
미워하고 깎아내리려,-1
미워하고 꺼림,-1
미워하는,-1
미워하는 감정,-1
미워하는 기색,-1
미워하는 마음,-1
미워하는 생각이나,-1
미워하다,-1
미워할,-1
미워함,-1
미워함을,-1
미워함을 이르는,-1
미워해,-1
미천한,-1
미천한 사람을,-1
미치겠다,-1
미친,-1
미친 사람처럼,-1
미친 증세가,-1
미혹한,-1
미혹한 마음,-1
믿지 못하는,-1
믿지 못하다,-1
믿지 못할,-1
믿지 아니하거나,-1
밉게,-1
밉게 노는,-1
밉게 보이는,-1
밉게 생긴,-1
밉게 여기거나,-1
밉게 여기는,-1
밉다,-1
밉살스러운,-1
밉살스러운 데가,-1
밉살스럽게,-1
밉살스럽게 달라붙어,-1
밉살스럽게 이리저리로,-1
밉살스럽게 재깔이며,-1
밉살스럽게 지껄이며,-1
밉살스럽고,-1
밉살스럽고 짓궃게,-1
바보,-1
박탈되고,-1
박탈되어,-1
박탈하고,-1
박탈하다,-1
박탈하여,-1
박할,-1
박할하다,-1
반기지 않는,-1
반대하거나,-1
반대하다,-1
반란,-1
반반하게,-1
반반하게 생긴,-1
반발하다,-1
반신불수가,-1
반신불수가 되는,-1
반역,-1
반역을,-1
반역을 꾀함,-1
반항하다,-1
반항하려는,-1
반항하려는 말이나,-1
반항하여,-1
받는 괴로움,-1
받는 벌,-1
받는 재앙,-1
받는 해,-1
받아들여지지 않고,-1
받아들이기는커녕,-1
받아들이지 않고,-1
발기 불능,-1
발끈 성을,-1
발끈대다,-1
발육이 장애를,-1
발작,-1
밥이나 축내는,-1
방정,-1
방정맞게,-1
방정맞게 계속,-1
방정맞게 까불거나,-1
방정맞게 까불며,-1
방정맞게 오몰거리며,-1
방정맞게 움직이거나,-1
방정맞게 움직이며,-1
방정맞게 행동하다,-1
방정맞고,-1
방정맞은,-1
방정맞은 사람을,-1
방정을 떠는,-1
방정을 떨다,-1
방탕하게,-1
방탕하게 놀기를,-1
방탕하게 놀아나는,-1
방탕하고,-1
방탕한,-1
방탕한 기질,-1
방탕한 짓을,-1
방해가,-1
방해가 되거나,-1
방해가 되는,-1
방해가 되다,-1
방해하거나,-1
방해하거나 막다,-1
방해하는,-1
방해하는 악업을,-1
방해하는 조건,-1
방해하는 짓,-1
방해하는 짓을,-1
방해하다,-1
방해하던,-1
방해하던 일,-1
방해하여,-1
방해함,-1
배를 곯다,-1
배반하다,-1
배반함,-1
배신하다,-1
배신하여,-1
배은망덕,-1
배척되다,-1
배척하다,-1
배탈,-1
버겁다,-1
버그러져,-1
버그러진,-1
버그러진 데가,-1
버그러진 모양,-1
버려두어,-1
버려지다,-1
버릇없게,-1
버릇없게 굴다,-1
버릇없고,-1
버릇없는,-1
버릇없는 짓을,-1
버릇없이,-1
버릇없이,-1
버릇없이 경솔하게,-1
버릇없이 구는,-1
버릇없이 구는 태도로,-1
버릇없이 굴다,-1
버릇없이 까부는,-1
버릇없이 까불다,-1
버릇없이 행동하는,-1
버릇없이 행동하다,-1
버릇없이 흔들거나,-1
버릇이 없거나,-1
버릇이 없다,-1
버리다,-1
버린다는,-1
버젓하지 못하다,-1
버티거나 반항하다,-1
번거로운,-1
번거로운 일을,-1
번거롭게,-1
번거롭게 굴어,-1
번거롭다,-1
벌,-1
벌로,-1
벌로 내는,-1
벌받을,-1
벌받을 일을,-1
벌을 받다,-1
범인,-1
범죄,-1
범죄 사실을,-1
범죄 행위나,-1
범죄로,-1
범죄로 인해,-1
범죄를,-1
범죄를 저지르도록,-1
범죄를 저지른,-1
범죄를 한,-1
범죄에,-1
범죄에 가담시키거나,-1
범죄에 의하여,-1
범죄자들의,-1
범죄적인,-1
범죄적인 행위,-1
법률에 위반되어,-1
법을 위반한,-1
벗어나 틀어지다,-1
벼슬을 박탈하고,-1
벼슬이 박탈되고,-1
변변찮은,-1
변변찮은 고통이나,-1
변변치 못하거나,-1
변변치 못한,-1
변변하지 못하여,-1
변변하지 못한,-1
변사하다,-1
볍신,-1
병,-1
병 따위로,-1
병독,-1
병독이 옮아,-1
병든,-1
병든 몸으로,-1
병들거나,-1
병들어,-1
병세가,-1
병세가 지독하여,-1
병신이나,-1
병신이나 다름없는,-1
병에서,-1
병으로,-1
병으로 인하여,-1
병을,-1
병을 앓거나,-1
병을 앓고,-1
병을 앓는,-1
병의 기운이,-1
병이,-1
병이 나거나,-1
병이 나다,-1
병이 나서,-1
병이 남,-1
병이 생겨,-1
병이 잦음,-1
병이나,-1
병이나 과로,-1
병이다,-1
병적 상태,-1
병적 증상,-1
병적으로,-1
병적으로 싫어하고,-1
병적인,-1
병적인 강박,-1
병적인 증상,-1
병증,-1
병증으로,-1
병증을,-1
보기 거북하다,-1
보기 사납게,-1
보기 싫게,-1
보기 흉하게,-1
보기 흉할,-1
보기에 가량맞고,-1
보기에 가엾고,-1
보기에 딱하여,-1
보기에 무정한,-1
보기에 무지하고,-1
보기에 미련하고,-1
보기에 부끄러운,-1
보기에 싫다,-1
보기에 싫은,-1
보기에 야멸치고,-1
보기에 언짢거나,-1
보기에 언짢을,-1
보기에 욕심이,-1
보기에 짜증이,-1
보기에 천하고,-1
보기에 흉하다,-1
보잘것없거나,-1
보잘것없거나 하찮은,-1
보잘것없고,-1
보잘것없는,-1
보잘것없는 솜씨와,-1
보잘것없다,-1
보잘것없음,-1
보잘것없이,-1
보잘것없이 되고,-1
보잘것없이 되다,-1
보잘것없이 작다,-1
복잡하거나 엄격하여,-1
복통을,-1
복통을 일으키는,-1
볼것이 없다,-1
볼쌍사납게,-1
볼썽사납게,-1
볼품없이,-1
볼품없이 된,-1
볼품없이 떠는,-1
볼품없이 떨다,-1
볼품없이 흐트러지고,-1
볼품이 없거나,-1
봉변,-1
봉변을 당하거나,-1
부담,-1
부담스러운,-1
부담스럽다,-1
부당하거나,-1
부당하게,-1
부당하게 가로채어,-1
부도덕,-1
부러지다,-1
부상,-1
부서지다,-1
부위가 아프면서,-1
부인하다,-1
부자연스러움,-1
부자연스럽다,-1
부작용,-1
부작용이,-1
부작용이 나타나기도,-1
부적격,-1
부적절하다,-1
부정어와,-1
부정어와 함께,-1
부정을,-1
부정을 나타내는,-1
부정이나,-1
부정이나 금지하는,-1
부정이나 비리를,-1
부정적,-1
부정적 감정,-1
부정적인,-1
부정적인 내용이,-1
부정적인 뜻을,-1
부정적인 말과,-1
부정적인 일을,-1
부정적인 표현과,-1
부정직,-1
부정하거나,-1
부정하거나 금지하려,-1
부정하는,-1
부정하는 뜻을,-1
부정하는 모양을,-1
부정하다,-1
부정하며,-1
부정하며 핀잔을,-1
부정하여,-1
부정하여 대답할,-1
부조리,-1
부조화,-1
부족한,-1
부진,-1
부진하다,-1
부질없다,-1
부질없이,-1
분간이 안 되는,-1
분간하기 어려운,-1
분간하기 어렵다,-1
분개하다,-1
분개하여,-1
분개하여 몹시,-1
분개할,-1
분개할 때,-1
분격,-1
분격하다,-1
분나,-1
분나하다,-1
분노,-1
분노 따위의,-1
분노나,-1
분노나 불만,-1
분노하다,-1
분노함,-1
분수 없이,-1
분수를 모르고,-1
분수없이,-1
분수없이 허황한,-1
분수에 넘치게,-1
분수에 넘치는 짓을,-1
분수에 맞지 아니하게,-1
분수에 맞지 않게,-1
분에,-1
분에하다,-1
분이나,-1
분탄하다,-1
분탕,-1
분탕질,-1
분통,-1
분통스럽다,-1
분풀이,-1
분하거나,-1
분하게,-1
분하게 여겨,-1
분하게 여김,-1
분하고,-1
분하고 노여운,-1
분하고 답답하다,-1
분하고 억울하다,-1
분하고 억울함,-1
분하고 원통한,-1
분하고 화가,-1
분하다,-1
분하여,-1
분하여 마음이,-1
분한,-1
분한 마음,-1
분한 마음이,-1
분한 상태이다,-1
분한 일을,-1
분함,-1
분함 또는,-1
불건전,-1
불건전한,-1
불결하다,-1
불결한,-1
불결한 성관계로,-1
불결한 음식,-1
불결한 음식을,-1
불경기,-1
불균형,-1
불길하거나,-1
불길하다,-1
불길한,-1
불길한 꿈,-1
불끈 성을,-1
불끈 화가,-1
불량,-1
불량 행위를,-1
불량배가,-1
불량자가,-1
불량자가 되게,-1
불량하다,-1
불량한,-1
불량한 무리들이,-1
불량한 짓을,-1
불량화소,-1
불리한,-1
불만,-1
불만 따위를,-1
불만감,-1
불만스러운,-1
불만스러운 느낌이,-1
불만스럽거나,-1
불만스럽게,-1
불만스럽게 말하는,-1
불만스럽게 말하다,-1
불만스럽다,-1
불만스레,-1
불만으로,-1
불만을,-1
불만이,-1
불만이 있어,-1
불만족,-1
불만족스러운,-1
불만족스럽다,-1
불만족스레,-1
불만족하다,-1
불만투성이,-1
불만하다,-1
불면증,-1
불명예,-1
불법,-1
불법 체류,-1
불법 행위,-1
불법으로,-1
불법으로 쳐들어가거나,-1
불법이다,-1
불법적으로,-1
불법적으로 가져감으로써,-1
불법체류,-1
불신,-1
불신 따위를,-1
불신의,-1
불쌍하게,-1
불쌍하고,-1
불쌍하고 가련하게,-1
불쌍하고 가련한,-1
불쌍하다,-1
불쌍하여,-1
불쌍하여 마음이,-1
불쌍하여 슬픈,-1
불쌍한,-1
불쌍한 데가,-1
불쌍한 일을,-1
불쌍함,-1
불쌍히,-1
불쌍히 여기고,-1
불쌍히 여기는,-1
불쌍히 여긴다는,-1
불안,-1
불안 초조,-1
불안감,-1
불안스럽다,-1
불안전성,-1
불안정하게,-1
불안정한,-1
불안하게,-1
불안하게 걷는,-1
불안하게 걷다,-1
불안하게 되다,-1
불안하다,-1
불안하여,-1
불안하여 어찌할,-1
불안한,-1
불안한 마음으로,-1
불안한 모양,-1
불안한 상태에,-1
불안한 증상,-1
불안해하는,-1
불안해하는 증상,-1
불안히,-1
불에 닿은,-1
불충분,-1
불충분하거나,-1
불충분하다,-1
불충분한,-1
불치병,-1
불쾌감,-1
불쾌감이,-1
불쾌감이 있으며,-1
불쾌스럽다,-1
불쾌스레,-1
불쾌하게,-1
불쾌하게 여기다,-1
불쾌하다,-1
불쾌하다고,-1
불쾌하다고 생각되는,-1
불쾌한,-1
불쾌한 느낌이,-1
불쾌한 말로,-1
불쾌한 정서적,-1
불쾌히,-1
불편,-1
불편리,-1
불편리하다,-1
불편스럽다,-1
불편스레,-1
불편하거나,-1
불편하게,-1
불편하고,-1
불편하고 우울하다,-1
불편하다,-1
불편하며,-1
불편하여,-1
불편한,-1
불편한 모양,-1
불편할,-1
불편할 정도로,-1
불편함,-1
불평,-1
불평 따위를,-1
불평등,-1
불평등하다,-1
불평스러워,-1
불평스럽게,-1
불평스럽게 말하다,-1
불평스럽게 토달거리는,-1
불평스럽게 투덜거리는,-1
불평스럽게 투덜거리다,-1
불평을,-1
불평을 가지고,-1
불평을 늘어놓는,-1
불평을 늘어놓다,-1
불평을 늘어놓은,-1
불평을 부리는,-1
불평을 부리다,-1
불평을 부리며,-1
불평을 품고,-1
불평을 품은,-1
불평을 하는,-1
불평을 하다,-1
불평을 하며,-1
불평이나,-1
불평조의,-1
불평조의 군소리를,-1
불평판,-1
불평하는,-1
불평하는 모양,-1
불평하다,-1
불합격한,-1
불합격한 불량품,-1
불합리,-1
불행을,-1
불행하거나,-1
불행하거나 재수가,-1
불행하게,-1
불행하게 죽다,-1
불행하다,-1
불행한,-1
불행한 일을,-1
불협화음,-1
불화,-1
불황,-1
불효,-1
붓고 아프며,-1
붙어 싸우는,-1
비관적,-1
비관적인,-1
비굴하게,-1
비굴하게 자꾸,-1
비굴하게 행동하는,-1
비굴하게 행동하다,-1
비굴하다,-1
비굴할,-1
비굴할 정도로,-1
비극,-1
비꼬는,-1
비꼬는 말,-1
비꼬는 모양,-1
비꼬다,-1
비난,-1
비난 따위를,-1
비난을,-1
비난을 받다,-1
비난조로,-1
비난조로 이르는,-1
비난조로 이르던,-1
비난하는,-1
비난하는 뜻으로,-1
비난하는 사람,-1
비난하다,-1
비난하여,-1
비련,-1
비리를,-1
비리를 저지르는,-1
비만,-1
비만 환자,-1
비방과,-1
비속하게,-1
비속하게 사물이,-1
비속하게 이르는,-1
비싸다,-1
비싼,-1
비싼 값으로,-1
비아냥거리다,-1
비아냥대다,-1
비아냥스럽다,-1
비아냥스레,-1
비아냥조,-1
비아냥하다,-1
비열하다,-1
비열한,-1
비웃거나 빈정거릴,-1
비웃거나 언짢거나,-1
비위 상하게,-1
비위상하다,-1
비참,-1
비참하다,-1
비참한,-1
비참히,-1
비추천,-1
비탄,-1
비탄하다,-1
비통하다,-1
비합리적,-1
비현실,-1
비현실적,-1
비효율,-1
비효율적,-1
빈대,-1
빈정거리는,-1
빈정거리는 모양,-1
빈정거리는 태도로,-1
빈정거리다,-1
빈정거리며,-1
빈정거리며 놀리는,-1
빈정거리며 놀리다,-1
빈정거리며 자꾸,-1
빈정거릴,-1
빈정거릴 때,-1
빌빌대다,-1
빌빌하는,-1
빌빌하는 모양,-1
빌빌하다,-1
빚,-1
빚을,-1
빚을 짐,-1
빚지다,-1
빛을 잃어,-1
빡도네,-1
빡돌다,-1
빡세네,-1
빡세다,-1
빡치네,-1
빡치다,-1
빤빤스럽게,-1
빤빤스럽게 놀기만,-1
빤빤스럽고,-1
빤빤스럽고 얄밉게,-1
빤빤하게,-1
빤빤하게 생긴,-1
빼돌려,-1
빼돌려 내다,-1
빼앗거나,-1
빼앗기,-1
빼앗기거나,-1
빼앗기고,-1
빼앗는,-1
빼앗는 돈을,-1
빼앗는 짓을,-1
빼앗다,-1
빼앗아,-1
빼앗아 가지다,-1
빼앗아 내다,-1
빼앗아 버리다,-1
빼앗으려고,-1
빼앗으려고 벼르다,-1
뺀질대다,-1
뻔뻔스러운,-1
뻔뻔스럽게,-1
뻔뻔스럽게 놀기만,-1
뻔뻔스럽고,-1
뻔뻔하게,-1
뻔뻔하다,-1
뼈마디가 아프며,-1
뼈마디가 저리고,-1
삐딱거리다,-1
삐딱대다,-1
삐딱하다,-1
삐뚤거리다,-1
삐뚤대다,-1
삐뚤어져서,-1
삐뚤어져서 가지런하지,-1
삐뚤어지다,-1
삐죽대다,-1
삐죽삐죽,-1
삐죽삐죽 투박한,-1
삐죽이,-1
사고나다,-1
사고를 당하여,-1
사납거나 불길하다,-1
사납고 무서운,-1
사람답지 못함,-1
사람을 낮잡아,-1
사람을 내쫓아,-1
사람을 몸져눕게,-1
사람을 못살게,-1
사람을 속이며,-1
사람을 업신여기는,-1
사람을 위협하거나,-1
사람을 처벌하여,-1
사람의 죽음을,-1
사람이 병이나,-1
사람이 죽어서,-1
사람이나 짐승을 죽이다,-1
사리에 어긋나게,-1
사리에 어두운,-1
사리에 어두운 사람,-1
사망하다,-1
사멸하는,-1
사멸하는 것,-1
사무치게 미워하는,-1
사무치게 미워하다,-1
사무치게 미워함,-1
사사로운 분노,-1
사세난연,-1
사세난연하다,-1
사악하다,-1
사악한,-1
사악한 모의,-1
사치스러운,-1
사형에,-1
사형에 처하다,-1
사형에 처함,-1
사형에 처해지다,-1
사회가 혼란스럽고,-1
삭막하다,-1
살기,-1
살기 있고,-1
살기 힘든,-1
살림이 어렵고,-1
살인자,-1
살인죄,-1
살지 못하고,-1
살해되다,-1
살해됨,-1
살해됨을,-1
살해하다,-1
상대를 몰아붙이듯이,-1
상대편을 위협하는,-1
상서롭지 못한,-1
상스러운,-1
상스러운 말,-1
상스러운 말로,-1
상스럽고,-1
상스럽다,-1
상습범,-1
상심,-1
상심하다,-1
상처,-1
상처 따위가,-1
상처가 많아,-1
상처가 생기고,-1
상처가 쓰리고,-1
상처를,-1
상처를 내다,-1
상처를 내면,-1
상처를 내어,-1
상처를 입게,-1
상처를 입다,-1
상처를 입히다,-1
상처를 입힘,-1
상처를 입힘으로써,-1
상태가 나쁘거나,-1
상태를 부정하거나,-1
상태를 부정하는,-1
상태를 어지럽게,-1
상하거나,-1
상하게,-1
상하게 되다,-1
상하게 하거나,-1
상하게 하다,-1
상하게 하여,-1
상하고,-1
상하다,-1
상하여,-1
상한,-1
상한 데가,-1
상함,-1
상해서,-1
상혼,-1
상혼하다,-1
샘하여 미워하다,-1
생각이 아득하다,-1
생기 없이,-1
생기가 없거나,-1
생기가 없고,-1
생기가 없는,-1
생기가 없다,-1
생기가 없어,-1
생기가 없어져,-1
생기가 없어지다,-1
생기가 없이,-1
생활이 곤궁하여,-1
서글퍼지다,-1
서글프다,-1
서글픔,-1
서글피,-1
서러운,-1
서러운 마음,-1
서러움,-1
서러워하다,-1
서러이,-1
서럽게,-1
서럽게 여기다,-1
서럽다,-1
서로 거칠게,-1
서운감,-1
서운하거나,-1
서운하거나 불만스럽게,-1
서운하게,-1
서운하게 여기다,-1
서운하고,-1
서운하고 아깝다,-1
서운하다,-1
서운한,-1
서운한 느낌,-1
서운한 느낌이,-1
서운한 모양,-1
서운함,-1
서운히,-1
선뜻 내키지 않아,-1
설움,-1
설움에,-1
설움에 겨워,-1
설움으로,-1
설움이,-1
설움이 북받쳐,-1
섬뜩,-1
섬뜩섬뜩,-1
섬뜩섬뜩하다,-1
섬뜩하다,-1
섭섭이,-1
섭섭하거나 불만스러운,-1
섭섭하거나 불만스럽게,-1
섭섭하거나 서운한,-1
섭섭하고 언짢게,-1
섭섭하고 언짢다,-1
성가시게,-1
성가시게 구는,-1
성가시게 굴다,-1
성가시게 달라붙어,-1
성가시게 달라붙어서,-1
성가시게 하는,-1
성가시게 하다,-1
성가시고,-1
성가시고 귀찮게,-1
성가시고 귀찮다,-1
성가시다,-1
성가시어,-1
성가실,-1
성가실 정도로,-1
성격이 사납고,-1
성나다,-1
성난,-1
성난 빛이,-1
성난 얼굴로,-1
성내다,-1
성내어,-1
성립되는 죄,-1
성립하는 범죄,-1
성미가 매우 느리고,-1
성미가 매우 무르고,-1
성을 내거나,-1
성을 내는,-1
성을 내다,-1
성을 내며,-1
성을 내어,-1
성을 냄,-1
성을 왈칵,-1
성을 잘 내는,-1
성을내다,-1
성의 없이,-1
성이 나거나,-1
성이 나다,-1
성이 나서,-1
성이 남,-1
성이나서,-1
성질나다,-1
성질내다,-1
성질부리다,-1
성질이 거세고,-1
성질이 거칠고,-1
성질이 깐깐하여,-1
성질이 깐작깐작하고,-1
성질이 악하고,-1
성질이 음흉한,-1
세력이 없는,-1
세상을 업신여기고,-1
세상의 종말,-1
세상이 망하는,-1
세속의 때를,-1
세월만 허비하는,-1
소동을 일으키는,-1
소동을 일으킴,-1
소란스러운,-1
소란스러운 소리가,-1
소란스러운 형세,-1
소란스러움,-1
소란스럽게,-1
소란스럽게 떠드는,-1
소란스럽게 이리저리,-1
소란스럽게 지르는,-1
소란스럽다,-1
소란이,-1
소란이 이는,-1
소란하게,-1
소란하게 떠벌리는,-1
소란하게 함,-1
소란하고,-1
소란해지거나,-1
소름,-1
소름끼치는,-1
소름이,-1
소름이 끼치는,-1
소름이 끼치다,-1
소름이 끼치도록,-1
소름이 끼칠,-1
소름이 돋는,-1
소스라치게,-1
소외,-1
소외감,-1
소외되다,-1
소용없다,-1
소용없이,-1
소용이 없음을,-1
소홀,-1
소홀하게,-1
소홀하다,-1
소홀히,-1
소홀히 여겨,-1
소홀히 하거나,-1
속되게,-1
속되게 이르는,-1
속박되다,-1
속상,-1
속상하다,-1
속셈이 음흉한,-1
속으로 불평스럽게,-1
속으로만 언짢고,-1
속을 썩이다,-1
속을 썩임,-1
속을 태우다,-1
속을 태우며,-1
속을 태움,-1
속이 거북하다,-1
속이 거북한,-1
속이 끓는,-1
속이 느글거리는,-1
속이 느글거리다,-1
속이 느끼하다,-1
속이 느끼해지는,-1
속이 느끼해지다,-1
속이 답답하다,-1
속이 답답한,-1
속이 답답함,-1
속이 매스껍고,-1
속이 매슥매슥하여,-1
속이 메스꺼워,-1
속이 메스껍고,-1
속이 메슥메슥하여,-1
속이 부글거리는,-1
속이 부글거리다,-1
속이 불편하거나,-1
속이 상하거나,-1
속이 상하고,-1
속이 상하여,-1
속이 상해서,-1
속이 아픈,-1
속이 언짢고,-1
속이 울렁거리는,-1
속이 울렁거리다,-1
속이 좁다,-1
속이 찌르듯이,-1
속이 타는,-1
속이거나,-1
속이고,-1
속이고 배반하다,-1
속이기,-1
속이기 위하여,-1
속이는,-1
속이는 모양,-1
속이다,-1
속이려는,-1
속이려는 모략,-1
속이려는 짓을,-1
속이며,-1
속인다는,-1
속인다는 뜻으로,-1
속임,-1
속임수,-1
속태,-1
손상되다,-1
손상된,-1
손상을 끼치다,-1
손상을 입음,-1
손상을 입힘,-1
손상이나 치욕,-1
손실이 생길,-1
손해,-1
손해 배상,-1
손해가,-1
손해가 되는,-1
손해나,-1
손해나 빚,-1
손해를,-1
손해를 끼치거나,-1
손해를 끼치다,-1
손해를 보거나,-1
손해를 보다,-1
손해를 보아서,-1
손해를 봄,-1
손해를 입다,-1
손해의,-1
송구스럽거나,-1
송구스럽게,-1
송구스럽게 망설이며,-1
쇠멸하다,-1
쇠약한,-1
쇠약한 데다,-1
쇠약해져서,-1
쇠약해지는,-1
쇠약해지는 일,-1
쇠약해진,-1
쇠약해진 사람을,-1
쇠약해진 지경을,-1
쇠잔하여,-1
쇠퇴하여,-1
쇠퇴하여 사멸하는,-1
쇠퇴한,-1
쇠퇴한 제도나,-1
쇠하여지다,-1
수면부족,-1
수준이 낮다,-1
수준이 낮은,-1
수준이 매우 낮아지다,-1
수척하다,-1
수치스러운,-1
수치와,-1
수치와 모욕을,-1
순간적으로 치미는,-1
순조롭게 하지 못하고,-1
순조롭지 못하게,-1
순조롭지 않거나,-1
순진하고 어리석은,-1
순탄하지 못하고,-1
순탄하지 않게,-1
순탄하지 않다,-1
순하고 어리석다,-1
순하지 않고,-1
순환의 장애로,-1
숨 막히듯이,-1
숨소리가 고르지 아니하고,-1
숨소리를 거칠게,-1
숨을 가쁘고,-1
숨이 가빠,-1
숨이 막히는,-1
숨이 막힐,-1
숨이 차고,-1
숨이 차는,-1
숨이 차서,-1
쉬거나,-1
쉰,-1
쉰 듯하다,-1
쉰 듯하여,-1
쉽게 노한다,-1
스산하고,-1
스트레스,-1
슬퍼,-1
슬퍼서,-1
슬퍼서 울거나,-1
슬퍼져서,-1
슬퍼지다,-1
슬퍼하고,-1
슬퍼하고 가슴,-1
슬퍼하다,-1
슬퍼하면서,-1
슬퍼하면서 탄식하다,-1
슬퍼하면서 탄식함,-1
슬퍼함,-1
슬프게,-1
슬프게 끝나는,-1
슬프게 여기다,-1
슬프게 우는,-1
슬프게 한탄하다,-1
슬프게 한탄함,-1
슬프고,-1
슬프고 가슴,-1
슬프고 괴롭다,-1
슬프고 끔찍하게,-1
슬프고 끔찍하다,-1
슬프고 끔찍함,-1
슬프고 아까움,-1
슬프고 아깝다,-1
슬프기,-1
슬프기 그지없다,-1
슬프기 그지없음,-1
슬프다,-1
슬프도다,-1
슬픈,-1
슬픈 마음으로,-1
슬픈 마음이나,-1
슬플,-1
슬플 때,-1
슬픔,-1
슬픔으로,-1
슬픔을,-1
슬픔을 느끼다,-1
슬픔이,-1
슬픔이나,-1
슬픔이나 걱정,-1
슬픔이나 연민이나,-1
슬피,-1
슬피 울부짖음,-1
슬피 탄식함,-1
시기하고 미워함을,-1
시기하는,-1
시기하는 일을,-1
시기하다,-1
시기하여,-1
시기함,-1
시끄럽거나,-1
시끄럽게,-1
시끄럽게 떠드는,-1
시끄럽게 떠들고,-1
시끄럽게 떠들다,-1
시끄럽게 오락가락하고,-1
시끄럽고,-1
시끄럽고 부산하게,-1
시끄럽다,-1
시끌시끌한 모양,-1
시달리다,-1
시달림,-1
시달림으로,-1
시답지 않게,-1
시대에 뒤떨어져,-1
시든,-1
시든 풀처럼,-1
시들고,-1
시들고 말라서,-1
시들다,-1
시들대다,-1
시들면서,-1
시들시들,-1
시들시들 잘아,-1
시들어,-1
시들어서,-1
시들어서 우그러지고,-1
시들하게,-1
시들하다,-1
시들한,-1
시들한 데가,-1
시들한 모양,-1
시들해져서,-1
시들해져서 싫증이나,-1
시련이 많다,-1
시름시름,-1
시름시름 앓는,-1
시름시름 앓다,-1
시름하는,-1
시름하는 마음이,-1
시름하여,-1
시망,-1
시무룩,-1
시무룩하다,-1
시묵룩이,-1
시비,-1
시비 걸기를,-1
시비가,-1
시비에,-1
시비하는,-1
시비하는 짓,-1
시새움,-1
시샘,-1
시샘이,-1
시샘이 나서,-1
시시하다,-1
시시한,-1
시원찮다,-1
시체를,-1
신경 쇠약,-1
신경이 마비되거나,-1
신중히 생각하지 아니하고,-1
신체에 상처를,-1
싣기 불편할,-1
실답지 못하게,-1
실답지 못하다,-1
실답지 못한,-1
실망,-1
실망감,-1
실망낙담,-1
실망낙담하다,-1
실망스럽고,-1
실망스럽다,-1
실망하다,-1
실망한,-1
실망함,-1
실속 없는,-1
실속없이,-1
실속없이 허황하며,-1
실속은 없고,-1
실속은 없으면서,-1
실속이 없게,-1
실속이 없고,-1
실속이 없는,-1
실속이 없다,-1
실심,-1
실심하다,-1
실없거나,-1
실없고,-1
실없는,-1
실없는 말로,-1
실없는 말이나,-1
실없는 사람을,-1
실없는 행동이나,-1
실없다,-1
실없이,-1
실없이 건드려,-1
실없이 경망스럽게,-1
실없이 경솔하게,-1
실없이 굴다,-1
실없이 까불며,-1
실없이 꺼불거리고,-1
실없이 놀리다,-1
실없이 말하는,-1
실없이 말하다,-1
실없이 방정맞게,-1
실없이 이야기하는,-1
실패나,-1
실패로,-1
실패로 돌아가다,-1
실패로 돌아감,-1
실패하거나,-1
실패함을,-1
실하지 못하여,-1
실하지 못한,-1
싫거나,-1
싫거나 언짢은,-1
싫게,-1
싫게 떠들썩하다,-1
싫게 여기다,-1
싫고,-1
싫다,-1
싫다고,-1
싫다는 표시로,-1
싫도록,-1
싫어나다,-1
싫어서,-1
싫어지거나,-1
싫어지다,-1
싫어하고,-1
싫어하고 미워하는,-1
싫어하고 미워할,-1
싫어하고 미워함,-1
싫어하는,-1
싫어하는 모양,-1
싫어하는 태도나,-1
싫어하다,-1
싫어하여,-1
싫어함을,-1
싫어해,-1
싫은,-1
싫은 것이,-1
싫은 듯이,-1
싫은 생각,-1
싫은 소리,-1
싫은 일을,-1
싫은 체하며,-1
싫은 환경에,-1
싫을,-1
싫을 정도로,-1
싫이,-1
싫증,-1
싫증 남으로,-1
싫증이,-1
싫증이 나거나,-1
싫증이 나다,-1
싫증이 나서,-1
싫증이 난,-1
싫증이나,-1
싫증이나 게으름이,-1
심각성,-1
심각하게,-1
심각하게 생각하고,-1
심각한,-1
심각한 상태를,-1
심리적인 충격,-1
심술,-1
심술궂게,-1
심술궂고,-1
심술궂다,-1
심술궂은,-1
심술궂은 행동을,-1
심술꾸러기,-1
심술부리다,-1
심술스럽다,-1
심술을,-1
심술을 부리는,-1
심술을 부리다,-1
심술이,-1
심술이 매우,-1
심술이나,-1
심술이나 안타깝게,-1
심술이나 화가,-1
심술쟁이,-1
심오하다,-1
심장 질환,-1
심장마비,-1
심장병,-1
심장병 따위로,-1
심하거나,-1
심하거나 지나치다,-1
심하게,-1
심하게 구박하거나,-1
심하게 기울어지는,-1
심하게 기울어지며,-1
심하게 꾸짖어,-1
심하게 놀러,-1
심하게 놀리다,-1
심하게 당한,-1
심하게 되다,-1
심하게 따지며,-1
심하게 떠는,-1
심하게 물크러질,-1
심하게 손해를,-1
심하게 썩거나,-1
심하게 앓는,-1
심하게 어지러워지는,-1
심하게 얽은,-1
심하게 욕하며,-1
심하게 울렁거리는,-1
심하게 울렁거리다,-1
심하게 을러대고,-1
심하게 일어나다,-1
심하게 짓눌러,-1
심하게 트림하는,-1
심하게 풍기는,-1
심하게 학대하다,-1
심하다,-1
심하면,-1
심하면 아프다,-1
심하면 피가,-1
심한,-1
심한 것을,-1
심한 고생이나,-1
심한 고통,-1
심한 고통이나,-1
심한 냄새가,-1
심한 복통을,-1
심한 상태에,-1
심한 아픔,-1
심한 압박감을,-1
심한 추위를,-1
심한 통증,-1
심한 통증을,-1
심한 혐오감을,-1
심해지는 병,-1
심히 모자라는,-1
심히 아파서,-1
싸우는 짓,-1
싸우다,-1
싸움에서 패하고,-1
쌓인 원망과,-1
쌓인 원한이나,-1
쌓인 음기,-1
썩거나,-1
썩는,-1
썩는 병,-1
썩어서,-1
썩이다,-1
썩임,-1
쏘아붙이는,-1
쏘아붙이는 소리,-1
쑤시듯 아픈,-1
쑤시듯이 아프다,-1
쓰라리다,-1
쓰라린,-1
쓰라린 경험을,-1
쓰라린 느낌이,-1
쓰라린 아픔을,-1
쓰라림,-1
쓰라림 따위가,-1
쓰러져,-1
쓰러지거나,-1
쓰러지다,-1
쓰러질,-1
쓰러질 듯이,-1
쓰러질 듯하게,-1
쓰러질 듯하고,-1
쓰러질 듯하다,-1
쓰러질 듯한,-1
쓰리고,-1
쓰리고 아리다,-1
쓰리고 아픈,-1
쓰리고 아픔,-1
쓰리다,-1
쓰리며 아픈,-1
쓰며,-1
쓰지 아니함,-1
쓸데없거나,-1
쓸데없는,-1
쓸데없는 것들을,-1
쓸데없는 말을,-1
쓸데없는 말이나,-1
쓸데없는 소리,-1
쓸데없는 소리를,-1
쓸데없다,-1
쓸데없음을,-1
쓸데없음을 이르는,-1
쓸데없이,-1
쓸데없이 지루하게,-1
쓸데없이 집적거리며,-1
쓸데없이 짓궃게,-1
쓸모가 없는,-1
쓸모가 없다,-1
쓸모가 없음을,-1
쓸모가 없이,-1
쓸모없다,-1
쓸모없이,-1
쓸쓸하게,-1
쓸쓸하고,-1
쓸쓸하고 막막하다,-1
쓸쓸하고 외로운,-1
쓸쓸하고 외로워,-1
쓸쓸하다,-1
쓸쓸한,-1
쓸쓸한 느낌을,-1
쓸쓸한 등불이라는,-1
쓸쓸한 밤을,-1
쓸쓸함,-1
쓸쓸히,-1
쓸쓸히 자는,-1
아니꼬운,-1
아니꼬운 일을,-1
아니꼬울 때,-1
아니꼽거나,-1
아니꼽거나 시샘이,-1
아니꼽다,-1
아니하고 가볍다,-1
아니하고 걱정스럽다,-1
아니하고 괴로움,-1
아니하고 괴롭다,-1
아니하고 데면데면하게,-1
아니하고 데면데면하다,-1
아니하고 조마조마하게,-1
아니하고 조마조마하다,-1
아니하고 조마조마한,-1
아니하고 조마조마함,-1
아니하여 못마땅하게,-1
아니하여 섭섭하거나,-1
아니하여 싫거나,-1
아니한 상태가,-1
아니한다고 투덜거리다,-1
아둔하고,-1
아둔하고 약빠르지,-1
아리고,-1
아리고 자리다,-1
아리다,-1
아무 값어치나 의의가 없다,-1
아무 쓸모가 없음을,-1
아무것도 없는,-1
아무것도 없다,-1
아무것도 없어서,-1
아무것도 없으면서,-1
아아 슬프도다,-1
아주 고통스럽거나,-1
아주 귀찮게,-1
아주 꺼리는,-1
아주 더럽게,-1
아주 망치다,-1
아주 맥없이,-1
아주 못된,-1
아주 방정맞게,-1
아주 보잘것없다,-1
아주 보잘것없음,-1
아주 심하게,-1
아주 심한,-1
아주 야단스럽고,-1
아주 어리석고,-1
아주 요란스럽게,-1
아주 저버리다,-1
아주 지겹도록,-1
아주 치사하고,-1
아파,-1
아파 오다,-1
아파서,-1
아파서 애달프게,-1
아파서 얄미울,-1
아파서 자꾸,-1
아파하는,-1
아파하는 일,-1
아파하는 증상,-1
아파하다,-1
아프거나,-1
아프거나 무서워서,-1
아프게,-1
아프게 느껴지다,-1
아프게 되는,-1
아프게 되다,-1
아프게 치다,-1
아프고,-1
아프고 가엽다,-1
아프고 괴롭게,-1
아프고 괴롭다,-1
아프고 답답하게,-1
아프고 답답하다,-1
아프고 메스꺼워,-1
아프다,-1
아프며,-1
아프며 약하면,-1
아프면서,-1
아픈,-1
아픈 경우를,-1
아픈 느낌,-1
아픈 느낌이,-1
아픈 데가,-1
아픈 듯하면서도,-1
아픈 듯한,-1
아픈 모양,-1
아픈 병,-1
아픈 병증,-1
아픈 임질,-1
아픈 증상,-1
아픈 증상이,-1
아픈 증세에,-1
아플,-1
아플 만큼,-1
아픔,-1
아픔을,-1
아픔을 느끼다,-1
아픔을 호소하는,-1
악독하게,-1
악독한,-1
악독한 방법으로,-1
악독한 사람을,-1
악마,-1
악몽,-1
악성,-1
악순환,-1
악업,-1
악업을,-1
악에,-1
악에 받쳐서,-1
악연,-1
악을 쓰고,-1
악의,-1
악의적인,-1
악인연,-1
악플,-1
악하고,-1
악하고 모질게,-1
악하고 모질다,-1
악하고 모짊,-1
악하다,-1
악한,-1
악한 짓을,-1
악한 첩,-1
악화되다,-1
안 좋은,-1
안심찮다,-1
안좋은 상황,-1
안타까울,-1
안타까울 정도로,-1
안타까워,-1
안타까워서,-1
안타까워하는,-1
안타까워하는 모양,-1
안타까워하다,-1
안타깝거나,-1
안타깝거나 쓰라리다,-1
안타깝게,-1
안타깝게 뉘우쳐져,-1
안타깝게 다가오는,-1
안타깝게 여기다,-1
안타깝게 자꾸,-1
안타깝게 죄이거나,-1
안타깝게 타는,-1
안타깝게 타다,-1
안타깝게 타들어,-1
안타깝고,-1
안타깝고 만족스럽지,-1
안타깝다,-1
않고 좀스럽게,-1
앓거나,-1
앓거나 허약하여져서,-1
앓고,-1
앓고 난,-1
앓는,-1
앓는 결핵,-1
앓는 모양,-1
앓는 사람이,-1
앓는 상태에,-1
앓다,-1
앓아도,-1
앓음,-1
암상스러운,-1
암상스러운 사람을,-1
암상스럽게,-1
암상스럽게 불평을,-1
암상스럽게 토달거리다,-1
암으로,-1
압억되다,-1
앙갚음으로,-1
앙갚음하려고,-1
앙갚음하려고 하는,-1
앙갚음할,-1
앙갚음할 마음을,-1
앞이 막막하게,-1
애달파하는,-1
애달파하는 일,-1
애달파하다,-1
애달프게,-1
애달프게 자꾸,-1
애달프게 짖는,-1
애달프다,-1
애도함,-1
애석,-1
애석하다,-1
애절한,-1
애절한 그리움,-1
애처로이,-1
애처롭거나,-1
애처롭게,-1
애처롭고,-1
애처롭고 쓸쓸하다,-1
애처롭다,-1
애탄,-1
애통,-1
애통하다,-1
애통할,-1
애통할 때,-1
애통히,-1
야멸치게,-1
야멸치게 말하다,-1
야멸치고,-1
야멸치고 인정이,-1
야무지지 못하고,-1
야무지지 못하다,-1
야무지지 못하여,-1
야무지지 못한,-1
야박스럽다,-1
야박히,-1
야비하다,-1
야비한,-1
야살스러운,-1
야살스러운 데가,-1
야살스러움,-1
야살스럽게,-1
야살스럽게 웃는,-1
야속,-1
야속스럽다,-1
야속스레,-1
야속하게,-1
야속하게 여겨,-1
야속하게 여기는,-1
야속하다,-1
야속히,-1
야유할,-1
야유할 때,-1
야풍,-1
약간 고까워하는,-1
약간 곯은,-1
약은 사람,-1
약을 올리거나,-1
약이 올라,-1
약점,-1
약탈하거나,-1
약탈하거나 노략질하는,-1
약탈하거나 노략질함을,-1
얄망궃고,-1
얄망궃고 능청스러운,-1
얄미운,-1
얄미운 데가,-1
얄미운 태도로,-1
얄미울,-1
얄미울 정도로,-1
얄밉게,-1
얄밉게 구는,-1
얄밉게 넘어다보는,-1
얄밉게 놀기만,-1
얄밉게 빈정거리며,-1
얄밉게 우는,-1
얄밉게 이죽이죽하면서,-1
얄밉게 흔들리거나,-1
얄밉고,-1
얄밉다,-1
얌전하지 않아,-1
얕잡거나,-1
얕잡거나 업신여기다,-1
얕잡아,-1
얕잡아 보다,-1
얕잡아 봄,-1
어긋나 나쁘다,-1
어긋나는 생각,-1
어긋나는 생각을,-1
어려우며,-1
어려운,-1
어려운 고비를,-1
어려운 대목에서,-1
어려운 데가,-1
어려운 모양,-1
어려운 버릇,-1
어려운 병,-1
어려운 상태가,-1
어려운 상태이다,-1
어려운 상황을,-1
어려운 일에,-1
어려운 일을,-1
어려운 일이나,-1
어려운 지경에,-1
어려운 지경에서,-1
어려운 처지나,-1
어려운 처지에,-1
어려운 형편에,-1
어려울,-1
어려울 정도로,-1
어려움,-1
어려움에,-1
어려워,-1
어려워서,-1
어려워서 애를 먹는,-1
어려워하는,-1
어려워하는 모양,-1
어려워하다,-1
어렵거나,-1
어렵거나 곤란하게,-1
어렵거나 곤란하다,-1
어렵거나 부끄럽다,-1
어렵게,-1
어렵게 살아가는,-1
어렵게 여기다,-1
어렵게 힘들여,-1
어렵고,-1
어렵고 쪼들린,-1
어렵다,-1
어리석게,-1
어리석게 구는,-1
어리석고,-1
어리석고 둔한,-1
어리석고 못된,-1
어리석다,-1
어리석어,-1
어리석어 보이는,-1
어리석어서,-1
어리석으며,-1
어리석은,-1
어리석은 데가,-1
어리석은 듯하다,-1
어리석은 말이나,-1
어리석은 사람,-1
어리석은 사람을,-1
어리석은 사람의,-1
어리석은 사람이라는,-1
어리석은 질문에,-1
어리석은 짓,-1
어리석은 행동,-1
어리석음,-1
어리숙하다,-1
어줍거나,-1
어줍잖다,-1
어지간히 보잘것없고,-1
어지러운 일을,-1
어지러워 까무러칠,-1
어지럽고 메스꺼워,-1
어지럽고 아프며,-1
어쭙잖다,-1
억누루는 짓,-1
억누루는 짓을,-1
억누르거나,-1
억누르거나 참다,-1
억누르고,-1
억누르는,-1
억누르다,-1
억누름,-1
억눌러,-1
억눌러 못,-1
억눌리다,-1
억압,-1
억압되다,-1
억울하거나,-1
억울하거나 원통하여,-1
억울하게,-1
억울하게 여겨,-1
억울하다,-1
억울하여,-1
억울한,-1
억울한 일을,-1
억울한 죄에,-1
억울함,-1
억지로 억누르다,-1
억척스럽다,-1
언짢거나,-1
언짢거나 못마땅하여,-1
언짢거나 못마땅하여서,-1
언짢거나 못마땅한,-1
언짢거나 불쾌한,-1
언짢거나 울려고,-1
언짢거나 징그럽다,-1
언짢게,-1
언짢게 되다,-1
언짢게 말썽을,-1
언짢고,-1
언짢고 가엾게,-1
언짢고 서운하게,-1
언짢고 아프다,-1
언짢다,-1
언짢아서,-1
언짢아서 성이,-1
언짢아서 어이없다,-1
언짢아지다,-1
언짢아하다,-1
언짢았던,-1
언짢았던 감정이,-1
언짢은,-1
언짢은 감정,-1
언짢은 기분,-1
언짢은 기분으로,-1
언짢은 기분이,-1
언짢은 기색이,-1
언짢은 느낌,-1
언짢은 느낌이,-1
언짢은 데가,-1
언짢은 마음에,-1
언짢은 생각이,-1
언짢은 일을,-1
언짢을,-1
언짢음,-1
언짢이,-1
언행이 허황하고,-1
얼얼한,-1
업귀,-1
업신여겨,-1
업신여겨 얕보다,-1
업신여겨 하찮게,-1
업신여겨지거나,-1
업신여기거나,-1
업신여기거나 하찮게,-1
업신여기고,-1
업신여기는,-1
업신여기는 모양,-1
업신여기는 태도로,-1
업신여기다,-1
업신여기어,-1
업신여기어지거나,-1
업신여기어지거나 하찮게,-1
업신여김,-1
업신여김을,-1
업신여김을 받음,-1
없거나 모자라서,-1
없고 멀건,-1
없애 버리는,-1
없애 버리다,-1
없애 버림,-1
없애다,-1
엉터리,-1
여겨 깔보다,-1
여겨져 무시당하다,-1
여겨져 언짢다,-1
여겨져 언짢은,-1
여병추,-1
역겹다,-1
역겹도록,-1
역겹도록 구리게,-1
역정,-1
역정을,-1
역정을 내는,-1
역정이,-1
역정이 나거나,-1
역증,-1
역한,-1
역한 냄새가,-1
열받다,-1
열병이나,-1
열이 심하거나,-1
열이 심하게 나고,-1
열폭,-1
염려가,-1
염려가 되어,-1
염증,-1
염증이 생겨,-1
영정,-1
예의범절에 어긋나게,-1
예의범절에 어긋나는,-1
예의에 벗어나다,-1
오도,-1
오도되다,-1
오래 앓다,-1
오랜 병으로,-1
오염되다,-1
오염된,-1
오염된 식품을,-1
오용,-1
오해의 소지가 있는,-1
온갖 험한,-1
온당치 않고,-1
온당하지 아니하게,-1
온당하지 않게,-1
옳지 못하게,-1
옳지 못한,-1
옳지 못함을,-1
옳지 아니하다고,-1
옳지 않다,-1
옳지 않은,-1
옹골차지 못하고,-1
옹졸하고,-1
옹졸하다,-1
옹졸한,-1
옹졸한 데가,-1
옹졸한 모양,-1
와해하거나,-1
요망스러운,-1
요망스러운 데가,-1
요망스러움,-1
요망스럽게,-1
요망한,-1
요망한 짓과,-1
요사스러운,-1
요사한,-1
요사한 술법으로,-1
욕,-1
욕되게,-1
욕되게 함,-1
욕되고,-1
욕되고 수치스러운,-1
욕망이 억눌리다,-1
욕설,-1
욕설을,-1
욕설을 하거나,-1
욕설을 하다,-1
욕설을 함,-1
욕으로,-1
욕으로 이르는,-1
욕으로 하는,-1
욕을,-1
욕을 당하게,-1
욕을 보이다,-1
욕을 보임,-1
욕을 하다,-1
욕을 하며,-1
욕을 함,-1
욕하거나,-1
욕하다,-1
욕하며,-1
욕하여,-1
욕하여 이르는,-1
욕함,-1
용납하지 못하게,-1
용납할 수 없는,-1
우격다짐으로,-1
우려스럽다,-1
우려하다,-1
우악스러운,-1
우악스러운 데가,-1
우악스러운 모양,-1
우악스러움,-1
우악스럽게,-1
우악스럽게 내놓는,-1
우악스럽게 하는,-1
우악스럽게 하다,-1
우악스럽다,-1
우울,-1
우울증,-1
우울증의,-1
우울증의 하나,-1
우울하게,-1
우울하다,-1
우울하여,-1
우울하여지기,-1
우울하여지기 쉽고,-1
우울한,-1
우중충하다,-1
우중충히,-1
운명이 박복함,-1
운수가 나빠서,-1
운이 사납거나,-1
울거나,-1
울거나 흐느낄,-1
울걱,-1
울걱거리다,-1
울걱대다,-1
울걱울걱,-1
울걱하다,-1
울고,-1
울고 다니는,-1
울꺽대다,-1
울다,-1
울려고,-1
울려고 할,-1
울부짖음 또는,-1
울분,-1
울분하다,-1
울상이,-1
울상이 되어,-1
울음,-1
울음소리,-1
울음이,-1
울음이 터져,-1
울컥대다,-1
울컥하다,-1
울화,-1
울화로,-1
원망과,-1
원망스럽게,-1
원망스럽게 생각하다,-1
원망스럽게 종알종알,-1
원망스럽게 중얼중얼,-1
원망스럽고,-1
원망스럽다,-1
원망이나,-1
원망하는,-1
원망하는 것,-1
원망하다,-1
원망하듯,-1
원치 않은,-1
원통하거나,-1
원통하게,-1
원통하고,-1
원통하고 슬프게,-1
원통하고 슬프다,-1
원통하고 슬픔이,-1
원통하고 슬핌이,-1
원통하여,-1
원통하여 원망스럽게,-1
원통한,-1
원통한 마음을,-1
원통한 일에,-1
원통한 일을,-1
원한,-1
원한을 사다,-1
원한을 품고,-1
원한이,-1
원한이 맺혀서,-1
원한이나,-1
원활하지 않게,-1
위장염의,-1
위태로움,-1
위험이,-1
위험이 생기거나,-1
위험하다,-1
위험한,-1
위험한 일을,-1
위협에,-1
위협을,-1
위협적이거나,-1
위협적이거나 압도하는,-1
위협하거나,-1
위협하기,-1
위협하는,-1
위협하는 말,-1
위협하는 모양,-1
위협하는 태도나,-1
위협하다,-1
위협하여,-1
유죄,-1
윽박,-1
윽박다,-1
윽박지르다,-1
윽박질,-1
윽박질하다,-1
은혜를 모르는,-1
을 낮잡아,-1
을 낮잡아 이르는,-1
을러대고,-1
을러대고 짓눌러,-1
을러대어,-1
을러대어 몹시,-1
음기,-1
음란하다,-1
음란한,-1
음모,-1
음침한,-1
음침함,-1
음흉하고,-1
음흉하고 허망한,-1
음흉하다,-1
음흉한,-1
음흉한 데가,-1
음흉한 목적을,-1
음흉한 사람,-1
음흉한 손길,-1
의식 불명,-1
의식을 잃고,-1
의심스러운,-1
의인,-1
의젓하다,-1
이 섭섭하고 언짢다,-1
이기적,-1
이기적인,-1
이기적인 사상이나,-1
이죽이죽하면서,-1
이죽이죽하면서 느물거리는,-1
인격 파괴와,-1
인망을 깎아내려,-1
인물을 낮잡아,-1
인사불성이,-1
인사불성이 되는,-1
인색하다,-1
인색한,-1
인색한 모양,-1
인색한 사람,-1
인색한 사람을,-1
인색한 여자를,-1
인정머리 없고,-1
일에 흉하다고,-1
일을 방해하는,-1
일을 방해하다,-1
일을 방해함,-1
일을 잘못하여,-1
일이 나쁘거나,-1
일이 못마땅할,-1
일이 잘못되어,-1
일이 잘못되었거나,-1
입을 경망스럽게,-1
입을 방정맞게,-1
자괴,-1
자괴감,-1
자기의 병을,-1
자기편을 배신하여,-1
자꾸 가치작거리는,-1
자꾸 거북하다,-1
자꾸 거북한,-1
자꾸 거슬리거나,-1
자꾸 경망스럽게,-1
자꾸 경솔하게,-1
자꾸 귀찮게,-1
자꾸 불만스럽게,-1
자꾸 불평을,-1
자꾸 불평하는,-1
자꾸 불평하다,-1
자꾸 비굴하게,-1
자꾸 빈정거리다,-1
자꾸 빤빤스럽게,-1
자꾸 뻔뻔스럽게,-1
자꾸 시름시름,-1
자꾸 얄미울,-1
자꾸 얄밉게,-1
자꾸 울거나,-1
자꾸 울다,-1
자꾸 울음이,-1
자꾸 좀스럽게,-1
자꾸 좀스럽고,-1
자꾸 짓궂은,-1
자신에게 해가,-1
자신을 옭아 묶다,-1
자신을 옭아 묶음,-1
자신을 책망하다,-1
자신을 책망함,-1
자폐하다,-1
자해,-1
잔인하다,-1
잔인한,-1
잔인한 모양,-1
잔인한 사람을,-1
잔인한 형벌에,-1
잗달고,-1
잘 다투는,-1
잘 다투다,-1
잘 못하거나,-1
잘못,-1
잘못 생각하다,-1
잘못 써서,-1
잘못 판단하거나,-1
잘못되기를 바라면서,-1
잘못되는,-1
잘못되는 것을,-1
잘못되어,-1
잘못되었거나,-1
잘못되었을,-1
잘못되었을 때도,-1
잘못된,-1
잘못된 것을,-1
잘못된 견해,-1
잘못된 대답을,-1
잘못된 염탐,-1
잘못된 허물을,-1
잘못에,-1
잘못에 대하여,-1
잘못을,-1
잘못을 꾸짖거나,-1
잘못을 꾸짖다,-1
잘못을 꾸짖음,-1
잘못을 저지른,-1
잘못을 지적받거나,-1
잘못이,-1
잘못이 생겨나게,-1
잘못이나,-1
잘못이나 결함을,-1
잘못하거나,-1
잘못하다,-1
잘못하다가는 꼴로,-1
잘못하면 꼴로,-1
잘못하여,-1
잘못함,-1
잘하지 못하는,-1
잘하지 못하여,-1
잘해 내지 못하는,-1
잡되고,-1
잡되고 상스럽다,-1
잡스러운,-1
잡스러운 느낌이,-1
잡스럽게,-1
잡스럽게 굴다,-1
잡스럽다,-1
장애,-1
장애가,-1
장애가 따르고,-1
장애가 있어,-1
장애로,-1
장애를,-1
장애를 만나,-1
장애를 받거나,-1
장애를 받아,-1
장애물을,-1
장애인,-1
재난,-1
재물에 인색한,-1
재수 없게,-1
재앙,-1
재앙이,-1
재앙이나,-1
재해를 입은,-1
재해와,-1
재해와 돌림병을,-1
저급한,-1
저버리다,-1
저주,-1
저주의,-1
저주의 뜻으로,-1
저주하는,-1
저주하는 말,-1
저주하는 말을,-1
저주하여,-1
저질러진 범죄,-1
적대적으로,-1
적대적으로 대하다,-1
적수를 미워하다,-1
적절치 아니하다,-1
전염되는 병,-1
전전긍긍,-1
전전긍긍하다,-1
절도질,-1
절망,-1
절망스럽다,-1
절망에,-1
절망에 빠져,-1
절망으로,-1
절망적이다,-1
절망하다,-1
점잖이 아니하게,-1
점잖지 못하고,-1
점잖지 아니하게,-1
점잖지 아니하여,-1
정다운 맛이 없고,-1
정답지 않고,-1
정당하지 못한,-1
정당하지 않은,-1
정돈되지 아니하여,-1
정돈이 되지 아니하여,-1
정신 분열병,-1
정신 질환,-1
정신병,-1
정신을 못 차리고,-1
정신을 잃고,-1
정신을 잃는다,-1
정신을 차리지 못하고,-1
정신적 고통이,-1
정신질환,-1
제대로 되지 않아,-1
제대로 하지 못하고,-1
제대로 하지 아니하는,-1
제한적,-1
제한적인,-1
조걸위악하다,-1
조금 거북하다,-1
조금 거추장스러워서,-1
조금 거추장스럽게,-1
조금 괴롭게,-1
조금 나빠진,-1
조금 멋없게,-1
조금 멋없이,-1
조금 못마땅하게,-1
조금 밉살스럽고,-1
조금 방해가,-1
조금 성가실,-1
조금 싫증이,-1
조금 암상스럽게,-1
조금 언짢거나,-1
조금 언짢고,-1
조롱할 때,-1
조리 없는,-1
조리 없이,-1
조리에 맞지 아니하는,-1
조상을 욕되게,-1
조촐하지 못하여,-1
족치는,-1
족치는 일,-1
존못,-1
졸도,-1
좀 고까워하는,-1
좀 볼품없이,-1
좀 불평스럽게,-1
좀 천박하게,-1
좀 천하다,-1
좀스러워,-1
좀스럽게,-1
좀스럽게 계속,-1
좀스럽게 구는,-1
좀스럽게 굴다,-1
좀스럽게 꼬물거리는,-1
좀스럽게 꾸물거리다,-1
좀스럽게 눈치를,-1
좀스럽게 말하다,-1
좀스럽게 생긴,-1
좀스럽게 움직이는,-1
좀스럽게 움직이다,-1
좀스럽게 자꾸,-1
좀스럽게 지껄이는,-1
좀스럽게 짓궃은,-1
좀스럽게 짖궂은,-1
좀스럽게 충동질을,-1
좀스럽게 하다,-1
좀스럽게 혼잣말로,-1
좀스럽고,-1
좀스럽고 까다롭다,-1
좀스럽고 비굴하게,-1
좀스럽다,-1
좁고 옹졸한,-1
좆같다,-1
좆같이,-1
좋지 못하여,-1
좋지 못한,-1
좋지 못한 상황에,-1
좋지 아니하거나,-1
좋지 아니하게,-1
좋지 아니하다,-1
좋지 아니한,-1
좋지 않거나,-1
좋지 않게,-1
좋지 않다,-1
좋지 않아서,-1
좋지 않은,-1
좌욕,-1
좌절,-1
좌절하다,-1
죄,-1
죄 있는,-1
죄가,-1
죄가 될,-1
죄가 있는,-1
죄과나 잘못에,-1
죄를,-1
죄를 도리어,-1
죄를 저지르다,-1
죄를 저지름,-1
죄를 주던,-1
죄를 지어,-1
죄를 지은,-1
죄를 짓거나,-1
죄범,-1
죄수,-1
죄스러울,-1
죄스러울 정도로,-1
죄스럽다,-1
죄악 망상,-1
죄악감,-1
죄악관영,-1
죄악관영하다,-1
죄악만을,-1
죄악만을 남긴,-1
죄악만을 남긴 악정,-1
죄악사,-1
죄악상,-1
죄악스럽다,-1
죄악스레,-1
죄악시,-1
죄악시되다,-1
죄악시하다,-1
죄악에,-1
죄악에 차,-1
죄악으로,-1
죄악으로 가득,-1
죄악으로 가득 차,-1
죄악으로 보거나,-1
죄악으로 여겨지다,-1
죄악을,-1
죄악을 지어,-1
죄악이,-1
죄악이 되는,-1
죄악이라고,-1
죄악이라고 느끼는,-1
죄업,-1
죄업 망상,-1
죄에,-1
죄에 빠지게,-1
죄의 앙갚음으로,-1
죄의식,-1
죄인의,-1
죄인의 머리를,-1
죄인이,-1
죄지은,-1
죄지은 듯하여,-1
주제넘고,-1
주제넘고 건방지다,-1
주제넘다,-1
주책없는,-1
주책없는 짓이나,-1
주책없이,-1
주체스럽게,-1
죽고 싶다,-1
죽음의,-1
죽이는 짓을,-1
죽임,-1
죽임을 당하다,-1
줏대 없이,-1
중병이,-1
중병이 재발하거나,-1
중상,-1
중풍,-1
중풍으로,-1
중한 병,-1
중한 병을,-1
즐거워하지 아니하다,-1
즐거워하지 아니함,-1
증세가 나빠지도록,-1
증오,-1
증오감,-1
증오심,-1
증오하다,-1
증오해,-1
지겨워하다,-1
지겹게,-1
지겹게 여기다,-1
지겹다,-1
지겹도록,-1
지나치게 더럽고,-1
지나치게 손상되어,-1
지나치게 시기하다,-1
지나치게 시기함,-1
지나친,-1
지나친 성생활,-1
지독하다,-1
지옥,-1
지위를 얻지 못하다,-1
지위를 얻지 못함,-1
지위를 잃다,-1
지저분하게,-1
지저분하게 널려,-1
지저분하게 늘어져,-1
지저분하고,-1
지저분하고 더럽다,-1
지저분하다,-1
지저분한,-1
지저분한 모양,-1
진저리,-1
진저리가,-1
진저리가 나도록,-1
진저리가 날,-1
진절머리,-1
진절머리 나는,-1
질병,-1
질병을 앓을,-1
질병이,-1
질병이 남아,-1
질색,-1
질색하다,-1
질서 없이,-1
질이 나쁘고,-1
질환,-1
집적거려,-1
집적거리거나,-1
집적집적,-1
집적집적하다,-1
짓궂게,-1
짓궂게 굴거나,-1
짓궂게 굴다,-1
짓궂다,-1
짓궂은,-1
짓궂은 말이나,-1
짓궃게,-1
짓궃게 구는,-1
짓궃게 굴거나,-1
짓궃게 빈정거리는,-1
짓궃게 빈정거리다,-1
짓궃고,-1
짓궃고 밉살스럽게,-1
짓궃은,-1
짓궃은 데가,-1
짓궃은 말이나,-1
짖궂게,-1
짖궂게 건드리는,-1
짖궂게 건드리다,-1
짖궂게 달라붙어,-1
짖궂게 빈정거리는,-1
짖궂게 빈정거리다,-1
짖궂은,-1
짖궂은 데가,-1
짖궂은 말이나,-1
짖궂은 행동이나,-1
짜증,-1
짜증나는,-1
짜증난,-1
짜증내다,-1
짜증니 나는,-1
짜증스럽다,-1
짜증을,-1
짜증을 내는,-1
짜증을 내다,-1
짜증을 내며,-1
짜증이,-1
짜증이 나거나,-1
짜증이 나는,-1
짜증이 날 때,-1
쩔쩔매거나,-1
쩔쩔매는,-1
쩔쩔매는 모양,-1
쩔쩔맴을,-1
쩝쩝대다,-1
쪼들리게,-1
쪼들리게 살림을,-1
쪼들린,-1
쪼들린 탓으로,-1
쭈그러져 볼품없이,-1
찝쩍대다,-1
찝찝하다,-1
착실하지 못하게,-1
착실하지 못하고,-1
착실하지 못하다,-1
착실하지 못하며,-1
착실하지 못하여,-1
착실하지 않아,-1
착잡하거나,-1
착잡하거나 언짢은,-1
착하지 못함을,-1
참담한,-1
참담한 형편이나,-1
참형에,-1
참형에 처한,-1
참혹하게,-1
참혹하기,-1
참혹하기 짝이 없고,-1
참혹하다,-1
참혹하여,-1
참혹한,-1
참혹한 모습이나,-1
참혹함을,-1
참혹함을 느끼어,-1
창녀,-1
창피,-1
창피스럽다,-1
창피스레,-1
창피하게,-1
창피하게 생각하여,-1
창피하다,-1
창피하여,-1
창피한,-1
창피한 느낌,-1
창황하다,-1
채신없이,-1
채신없이 행동하는,-1
채신없이 행동하다,-1
책망,-1
책망하거나,-1
책망하다,-1
책망함,-1
처량하고,-1
처량하고 슬프게,-1
처량하고 슬프다,-1
처량히,-1
처리를 못하고,-1
처리하기 어려움,-1
처리하기 어려워서,-1
처리하기 어렵다,-1
처리하지 못하고,-1
처벌을,-1
처벌하여,-1
처연하다,-1
처지가 나빠지다,-1
처지가 안되고,-1
처참하게,-1
처참하다,-1
천박,-1
천박하게,-1
천박하게 까무스름하다,-1
천박하고,-1
천박하고 못된,-1
천한 사람이나,-1
철저하지 못하게,-1
철저하지 못하다,-1
체면이 깍이는,-1
체면이 깎이는,-1
체면이 깎일,-1
초라하고,-1
초라하고 가엾게,-1
초라하다,-1
초라한,-1
초라한 데가,-1
초라한 집을,-1
초상이,-1
초상이 나다,-1
최악,-1
최악의,-1
최좌,-1
추근대다,-1
추악해지다,-1
추잡하다,-1
추잡한,-1
추잡한 데가,-1
추저분하게,-1
추저분하다,-1
추저분한,-1
추하고,-1
추하다,-1
충분하지 못하다,-1
충분하지 아니하다,-1
충실하지 않고,-1
취약하다,-1
취약한,-1
측은스럽다,-1
측은지심,-1
측은하다,-1
치밀하지 못하여,-1
치사하고,-1
치사하고 더러워,-1
치사하여,-1
치욕,-1
치욕스럽다,-1
침울하고,-1
침울하고 무겁다,-1
칼빵,-1
크게 노함,-1
크게 실망하다,-1
크게 실망함,-1
크게 우는,-1
크게 위태로움을,-1
큰 결함,-1
큰 불행을,-1
큰 타격을,-1
타격을,-1
타격을 받아,-1
타격을 입어,-1
타분하다,-1
탁하다,-1
탄식,-1
탄식 따위를,-1
탄식하다,-1
탄식하여,-1
탄식할,-1
탄식할 만하게,-1
탄식할 만한,-1
탄식함,-1
탐욕스러운,-1
탐욕스러운 사람을,-1
탐욕이,-1
탐욕이 많아서,-1
탐탁지 아니하게,-1
탐탁하지 아니하고,-1
탓하거나 불평을,-1
터무니없거나,-1
터무니없거나 어처구니없다고,-1
터무니없는,-1
터무니없는 고집을,-1
터무니없이,-1
톨톨대다,-1
통탄하다,-1
퉁명스러운,-1
퉁명스러운 데가,-1
틀리거나 그릇되게,-1
파괴,-1
파괴 행위,-1
파울,-1
팔자 사나운,-1
패배하다,-1
페널티,-1
편견,-1
편두통,-1
편리하지 않은,-1
편안하지 못하다,-1
편안하지 아니하게,-1
편안하지 아니하다,-1
편안하지 아니함,-1
편안하지 않다는,-1
편치 못하고,-1
편하지 못하다,-1
편하지 못한,-1
편하지 아니하고,-1
편하지 아니하다,-1
편하지 아니함,-1
편하지 않고,-1
편하지 않은,-1
편하지 않음,-1
평온하지 못하고,-1
폐가 상하여,-1
폐결핵,-1
폐렴,-1
폐를 끼쳐서,-1
폐를 끼쳤을,-1
포악하다,-1
포악한 성격,-1
포악한 성격을,-1
폭군,-1
폭군을,-1
폭력,-1
푸념을,-1
품고 미워하다,-1
품행이 단정하지 못하고,-1
풍자하였다,-1
피꺼솟,-1
피눈물,-1
피부병,-1
피부병 증상,-1
피부병을 앓아,-1
피하거나 싫어하다,-1
핀잔,-1
핀잔 따위를,-1
핀잔을,-1
핀잔을 주거나,-1
핀잔을 주는,-1
하소연이나,-1
하소연하는,-1
하소연하는 것,-1
하소연하다,-1
하지 못하고,-1
하지 못하는,-1
하지 못하다,-1
하지 못하여,-1
하찮게,-1
하찮게 내버려지거나,-1
하찮게 대하다,-1
하찮게 대함,-1
하찮게 여겨,-1
하찮게 여기다,-1
하찮고,-1
하찮고 보잘것없다,-1
하찮다,-1
하찮은,-1
하찮은 목숨,-1
하찮은 사람,-1
하찮은 사람들이,-1
하찮은 사람이나,-1
하찮은 일,-1
하찮은 일로,-1
하찮은 일에도,-1
하찮은 일을,-1
하찮은 처지에,-1
학대하는,-1
한스럽게,-1
한스럽게 여기다,-1
한스럽다,-1
한이 되는,-1
한탄,-1
한탄스러울,-1
한탄스러울 때,-1
한탄스럽다,-1
한탄스레,-1
한탄하다,-1
한탄하여,-1
한탄하여 한숨을,-1
한탄함,-1
할딱대다,-1
함부로 간섭하거나,-1
함부로 거만하게,-1
함부로 고기는,-1
함부로 고기다,-1
함부로 구는,-1
함부로 굴다,-1
함부로 꼬집거나,-1
함부로 날뜀,-1
함부로 낳다,-1
함부로 놀리는,-1
함부로 놀리다,-1
함부로 대답함,-1
함부로 덤비거나,-1
함부로 들부수어,-1
함부로 들추거나,-1
함부로 들추어,-1
함부로 말을 하다,-1
함부로 말하는,-1
함부로 버려지다,-1
함부로 빼앗아,-1
함부로 사격함,-1
함부로 손대거나,-1
함부로 스다,-1
함부로 써서,-1
함부로 쓰는,-1
함부로 쓰다,-1
함부로 씀,-1
함부로 우악스럽게,-1
함부로 자꾸,-1
함부로 젓거나,-1
함부로 죽임,-1
함부로 지껄이다,-1
함부로 참혹하게,-1
함부로 캐는,-1
함부로 캐다,-1
함부로 파내다,-1
함부로 하는,-1
함부로 하다,-1
함부로 행동하는,-1
함부로 행동하다,-1
함부로 행동하여,-1
함정에,-1
함정에 빠지게,-1
합당치 못한,-1
해,-1
해가,-1
해가 되는,-1
해가 될까,-1
해로운,-1
해로운 일이,-1
해로운 현상,-1
해로움이나,-1
해로움이나 손실이,-1
해롭다,-1
해를 끼치는,-1
해를 끼치다,-1
해를 끼침,-1
해를 받다,-1
해를 입다,-1
해를 입음,-1
해쳐서,-1
해쳐서 말하다,-1
해치거나,-1
해치거나 죽이는,-1
해치다,-1
해치려고,-1
해치려다가,-1
해칠,-1
해침,-1
행동으로 위협하다,-1
행동을 밉살스럽게,-1
행동이 건방져,-1
행동이 못된,-1
행동이 상스럽고,-1
행동이 실없거나,-1
행동이 실없고,-1
행동이 억척스럽고,-1
행동이 우악스러운,-1
행동이 우악스럽다,-1
행동이 주제넘고,-1
행동하지 못하고,-1
행동하지 못하도록,-1
행복하지 아니한,-1
행실이 나쁘거나,-1
행실이 추저분하게,-1
행실이 추저분하다,-1
행실이 추저분한,-1
행실이 추저분한 사람,-1
행위를 죄악이라고,-1
행패를 부리고,-1
행하던 형벌,-1
허락하지 아니함,-1
허랑방탕한,-1
허랑방탕한 생활을,-1
허용하지 아니함,-1
허접,-1
허접스럽다,-1
허접쓰레기,-1
허접하다,-1
허찮은 일로,-1
허탕이,-1
허탕이 되어,-1
허탕하다,-1
허황되게,-1
허황되게 행동하다,-1
허황되다,-1
허황된,-1
허황된 모양,-1
허황하고,-1
허황하며,-1
허황한,-1
허황한 것을,-1
헐뜯거나,-1
헐뜯거나 험상궃은,-1
헐뜯고,-1
헐뜯고 비난하는,-1
헐뜯기,-1
헐뜯기 위하여,-1
헐뜯는,-1
헐뜯는 말을,-1
헐뜯는 짓,-1
헐뜯다,-1
헐뜯어,-1
헐뜯어 말하는,-1
헐뜯어서,-1
헐뜯으려고,-1
헐뜯음,-1
험상궂게,-1
험상궂고,-1
험상궂은,-1
험상궂은 데가,-1
험상궂은 욕,-1
험상궂은 욕을,-1
험상궃은,-1
험상궃은 욕을,-1
험상스럽다,-1
험상하고,-1
헛되이,-1
헛된,-1
헛된 명성,-1
헛된 이야기만을,-1
헛된 행동만,-1
혀를 차는,-1
현저하게 떨어지는,-1
혐오,-1
혐오감,-1
혐오감을,-1
혐오감을 주는,-1
혐오스럽다,-1
혐오증,-1
협박,-1
협박과,-1
협박하다,-1
형벌,-1
형벌에 처함,-1
형세가 위태롭게,-1
형세가 위태롭다,-1
형편없게,-1
형편없게 됨을,-1
형편없다,-1
형편이 딱하게,-1
형편이 어려워,-1
형편이 어려워서,-1
호되게 꾸지람을,-1
호되게 비판하다,-1
호흡 곤란,-1
혼내는,-1
혼내는 소리,-1
혼란스러운,-1
혼란에 빠진,-1
혼란하게,-1
혼란하게 하다,-1
혼모노,-1
혼이 나는,-1
혼이 나서,-1
혼자서 욕으로,-1
혼잣말로 불만스럽게,-1
혼쭐을,-1
혼쭐을 내다,-1
화,-1
화 따위가,-1
화가 나,-1
화가 나거나,-1
화가 나다,-1
화가 나서,-1
화가 난,-1
화가 치밀고,-1
화기,-1
화나,-1
화나게,-1
화나게 하다,-1
화나고,-1
화나고 원통하게,-1
화나고 원통하다,-1
화나다,-1
화내다,-1
화를,-1
화를 내거나,-1
화를 내는,-1
화를 내다,-1
화를 벌컥,-1
화를 스스로 부름을,-1
화재,-1
확신이 상실된,-1
환상이다,-1
활동하지 못하게,-1
활발하지 못하고,-1
활발하지 못하다,-1
황폐화,-1
회복하기 어려운,-1
획기적이다,-1
획기적인,-1
후회,-1
후회막심하다,-1
후회스럽다,-1
후회하다,-1
후회하여도,-1
훌륭하지 아니하다,-1
훼방을 놓다,-1
휘몰아 나무라다,-1
흉괴하다,-1
흉년이,-1
흉망스럽다,-1
흉망스레,-1
흉몽,-1
흉물,-1
흉물스럽다,-1
흉물스레,-1
흉보다,-1
흉악,-1
흉악망측,-1
흉악망측스럽다,-1
흉악망측스레,-1
흉악망측하다,-1
흉악무도,-1
흉악무도하다,-1
흉악범,-1
흉악성,-1
흉악하게,-1
흉악하고,-1
흉악하고 포악한,-1
흉악하다,-1
흉악한,-1
흉악한 데가,-1
흉악한 마음,-1
흉악한 범죄,-1
흉악한 성질,-1
흉악함,-1
흉악히,-1
흉을,-1
흉을 보거나,-1
흉을 보다,-1
흉측,-1
흉측스럽다,-1
흉측스레,-1
흉측하거나,-1
흉측하다,-1
흉측히,-1
흉포성,-1
흉하거나,-1
흉하거나 끔찍하다,-1
흉하게,-1
흉하게 많이,-1
흉하게 보이다,-1
흉하게 생긴,-1
흉하게 하다,-1
흉하게 헝클어져,-1
흉하고,-1
흉하고 괴상한,-1
흉하다,-1
흉하다고,-1
흉하다고 하는,-1
흉한,-1
흉한 몰골로,-1
흉한 물건을,-1
흉할,-1
흉할 정도로,-1
흉흉히,-1
흐느낌,-1
흐린,-1
흑역사,-1
흠이나 결점,-1
흡족하지 아니하나,-1
흡족하지 아니하다,-1
흡족하지 않음,-1
흥글방망이놀다,-1
흥글벙글,-1
흥글벙글하다,-1
흥미를 끌지 못하고,-1
흥이 꺾여,-1
희망없는,-1
희망을 잃고,-1
희망을 잃다,-1
희망을 잃음,-1
희망이 없는,-1
히살스럽다,-1
히살스레,-1
힘겨웁다,-1
힘겹게,-1
힘겹게 걸어가는,-1
힘겹다,-1
힘든,-1
힘든 과정임을,-1
힘든 세상,-1
힘들,-1
힘들 때에,-1
힘들 만큼,-1
힘들 정도로,-1
힘들거나,-1
힘들게,-1
힘들다,-1
힘들어지다,-1
힘들여,-1
힘들여 누는,-1
힘들여 눌,-1
힘에 겨워,-1
힘에 겹거나,-1
힘에 겹게,-1
힘에 눌려,-1
힘에 벅차,-1
힘에 부쳐,-1
힘에 부치는 데가 있다,-1
공포감,-1
살벌하다,-1
경악하다,-1
기겁하다,-1
기절하다,-1
개썅년,-1
개자식,-1
개새끼,-1
괘씸하다,-1
니미,-1
노여워하다,-1
멸시당하다,-1
모멸감,-1
모욕적,-1
모욕적이다,-1
분통터지다,-1
비딱하다,-1
빌어먹을,-1
삐치다,-1
삐지다,-1
삐졌다,-1
삐쳤다,-1
속썩이다,-1
싸가지없다,-1
싸가지없는,-1
쌍년,-1
쌍놈,-1
씨부랄,-1
씹새끼,-1
우라질,-1
옘병할,-1
웬수,-1
잡놈,-1
치욕적,-1
곤욕스럽다,-1
난처하다,-1
낭패스럽다,-1
망연,-1
망연자실,-1
망연자실하다,-1
먹먹하다,-1
외톨이,-1
왕따,-1
찌질이,-1
울부짖다,-1
절규하다,-1
죄송하다,-1
죄송합니다,-1
죄책감,-1
주눅들다,-1
짠하다,-1
찡하다,-1
착잡하다,-1
처량하다,-1
처절하다,-1
지긋지긋하다,-1
골치아프다,-1
기진맥진하다,-1
꼴불견,-1
넌더리나다,-1
해괴하다,-1
(;_;),-1
(^_^;,-1
(-_-),-1
(T_T),-1
(ㅡㅡ),-1
)-:,-1
:),-1
:/,-1
:D,-1
:-D,-1
:-P,-1
;ㅅ;,-1
^-^;,-1
^-^;;,-1
^-^;;;;;,-1
-_-^,-1
가꾸러뜨리다,-1
가꾸러트리다,-1
가념하다,-1
가누기 어려워하다,-1
가닐가닐하다,-1
가두거나,-1
가드올려,-1
가래,-1
가래 따위가,-1
가래가,-1
가래가 섞인,-1
가량맞고,-1
가량맞고 야살스러운,-1
가량맞고 야살스러움,-1
가려서 좋아하다,-1
가려운,-1
가려운 느낌이,-1
가려운 증상을,-1
가련하게,-1
가련하게 여기다,-1
가련하게 여김,-1
가련한,-1
가련한 듯하다,-1
가렵고,-1
가로막아서,-1
가로채서,-1
가로채어,-1
가리지 못하다,-1
가마득하다,-1
가만있지 못하고,-1
가망 없는,-1
가벼운 말이나,-1
가벼운 상처,-1
가벼운 슬픔,-1
가벼운 행동으로,-1
가볍게,-1
가볍게 까부는,-1
가볍게 까불다,-1
가볍게 쑤시듯,-1
가볍게 채신없이,-1
가볍게 행동하거나,-1
가볍게 행동하는,-1
가볍게 행동하다,-1
가쁘게,-1
가쁘게 쉬다,-1
가쁘고,-1
가쁘고 거칠게,-1
가쁘고 급하게,-1
가쁜,-1
가쁜 증상,-1
가살스럽다,-1
가소롭게,-1
가소롭다,-1
가스 중독이나,-1
가슴이 답답하여,-1
가슴이 답답한,-1
가슴이 답답해진다,-1
가습이 답답하고,-1
가엽다,-1
가엾게,-1
가엾게 여겨,-1
가엾게 여기다,-1
가엾고,-1
가엾다,-1
가위눌리다,-1
가증맞다,-1
가증스럽다,-1
가지런하지 아니하다,-1
가지런하지 아니한,-1
가책이 되어,-1
가치보다 비싼,-1
가치작거리는,-1
가치작거리는 모양,-1
가치작거리는 소리,-1
가탈스럽다,-1
각근하지 못하여,-1
간 질환의,-1
간사스럽게,-1
간사스럽게 행동하는,-1
간사스럽게 행동하다,-1
간사하고,-1
간사하다,-1
간사한,-1
간사한 사람이나,-1
간섭받고,-1
간섭하거나,-1
간섭하거나 방해하여,-1
간섭하고,-1
간섭하다,-1
간섭하여,-1
간신히 짜내는,-1
간지러워서,-1
간지럽게,-1
간지럽고,-1
간지럽고 자릿한,-1
간직하지 아니하고,-1
간질,-1
간질간질하다,-1
간질간질한,-1
간질간질한 느낌,-1
갈강병균이,-1
갈라서다,-1
갈라지는 피부병,-1
갈색굳음병,-1
갈증이 나고,-1
갈증이 심하게,-1
갈팡질팡,-1
갈팡질팡하다,-1
갈팡질팡하며,-1
갈피를 잡을 수 없다,-1
갈피를 잡지 못하고,-1
갈피를 잡지 못하고 이리저리 헤매는 모양,-1
갈피를 잡지 못하는,-1
갈피를 잡지 못하다,-1
감각이 둔하고,-1
감각이 마비되고,-1
감감히,-1
감기,-1
감기가,-1
감기가 들어,-1
감기나,-1
감기나 천식,-1
감기로,-1
감기로 인하여,-1
감병,-1
감옥,-1
감옥에,-1
감정 사납게,-1
감정을 건드려,-1
감정이 거칠어져,-1
갑갑궁금하다,-1
갑갑하고 궁금하다,-1
갑갑하다,-1
갑갑한,-1
갑갑한 증상,-1
갑갑할,-1
갑갑할 정도로,-1
갑분띠,-1
갑분싸,-1
갑자기 게우는,-1
갑자기 놀라거나,-1
갑자기 놀라서,-1
갑자기 무섭거나,-1
갑자기 분별없이,-1
갑자기 서늘한,-1
갑자기 서늘한서늘한 느낌이,-1
갑자기 성을,-1
갑자기 소란스럽게,-1
갑자기 소름이,-1
갑자기 어지러워,-1
갑작스러워 두렵거나,-1
갑작스럽게 화를,-1
강도가,-1
강등하여,-1
강박,-1
강박하여,-1
강제로,-1
강제로 누르는,-1
강제로 빼앗는,-1
강제로 빼앗다,-1
강제로 빼앗음,-1
강제로 요구하다,-1
강퇴,-1
강한 충격을,-1
갖지 아니하게,-1
갖추지 못한,-1
같잖다,-1
같잖아서,-1
같잖아서 우스운,-1
같잖은,-1
같잖은 꼴로,-1
갚지 않다,-1
개가 무섭거나,-1
개가 아프거나,-1
개운치 않거나,-1
개운하지 않고,-1
개으름을,-1
거꾸러뜨리다,-1
거꾸로 넘어지거나,-1
거두지 못한,-1
거드럭거드럭,-1
거드럭거리다,-1
거들먹거들먹,-1
거들먹거들먹하다,-1
거들먹거리다,-1
거들먹대다,-1
거들먹이다,-1
거듭 죄를,-1
거래가 금지된,-1
거리끼어,-1
거만한,-1
거무스름한 피고름이,-1
거볍게 까부는,-1
거볍게 성을,-1
거볍게 채신없이,-1
거볍게 행동하거나,-1
거볍게 행동하는,-1
거볍게 행동하다,-1
거부하다,-1
거세고,-1
거세고 급하다,-1
거슬려,-1
거슬리거나,-1
거슬리거나 마음이,-1
거슬리게,-1
거슬리게 싫다,-1
거슬리는,-1
거슬리는 느낌이,-1
거슬리다,-1
거역하다,-1
거역함,-1
거의 없다,-1
거짓말을,-1
거짓으로,-1
거짓으로 감정이나,-1
거짓으로 꾸며서,-1
거짓으로 꾸미는,-1
거짓으로 꾸미다,-1
거짓으로 꾸민,-1
거짓으로 속이다,-1
거짓으로 속임,-1
거짓이나,-1
거추장스러워서,-1
거추장스러워서 거슬리거나,-1
거추장스럽거나,-1
거추장스럽거나 성가시어,-1
거추장스럽게,-1
거추장스럽게 걸리거나,-1
거추장스럽다,-1
거추장스레,-1
거치적거리는,-1
거치적거리는 소리,-1
거치적거치적,-1
거치적거치적하다,-1
거칠게 된,-1
거칠게 행동하는,-1
걱정 같은,-1
걱정 따위로,-1
걱정거리,-1
걱정과,-1
걱정과 근심,-1
걱정되거나,-1
걱정스러워서,-1
걱정스럽거나,-1
걱정스럽거나 조바심이,-1
걱정스럽다,-1
걱정으로,-1
걱정을,-1
걱정이,-1
걱정이 되거나,-1
걱정이 되는,-1
걱정이 되어,-1
걱정이나,-1
걱정이나 근심,-1
걱정이나 근심에,-1
걱정인 해를,-1
걱정하기는,-1
걱정하기는 하나,-1
걱정하는,-1
걱정하는 게,-1
걱정하다,-1
건강하지 못하다,-1
건달처럼,-1
건둥반둥하다,-1
건드려 귀찮게,-1
건들거리고,-1
건들거리고 벙글거리며,-1
건들건들,-1
건들건들 지내다,-1
건들대다,-1
건망증이,-1
건망증이 심하며,-1
건방진,-1
건성 기침,-1
건성으로,-1
건성으로 묻다,-1
건전하지 못하고,-1
건전하지 못한,-1
건전하지 아니하게,-1
걷지 못하고,-1
걷지 못하는,-1
걸리거나,-1
걸리거나 막히는,-1
걸리다,-1
걸리적대다,-1
걸핏하면,-1
검은 티끌이라는,-1
검질기게 구는,-1
검질기게 굴다,-1
겁,-1
겁나게,-1
겁나게 하기,-1
겁나다,-1
겁내다,-1
겁에,-1
겁을,-1
겁을 내거나,-1
겁을 내다,-1
겁을 먹거나,-1
겁을 먹어,-1
겁을 주며,-1
겁이 나거나,-1
겁이 나서,-1
겁자기 부서지거나,-1
것같이 아프다,-1
것을 샘하여,-1
것을 짓밟다,-1
것이 거북하거나,-1
겉만 그럴듯한,-1
겉치레,-1
게우는,-1
게우는 소리,-1
게우는 소리가,-1
게울,-1
게울 듯이,-1
게워,-1
게워 내는,-1
게워 내다,-1
게으르거나,-1
게으르게,-1
게으르게 놀며,-1
게으르게 행동하는,-1
게으르게 행동하다,-1
게으르고,-1
게으르다,-1
게으름,-1
게으름을,-1
게으름을 피우며,-1
게으름이,-1
게으름이 나는,-1
게으름이나,-1
게으름이나 싫증,-1
겐트위한,-1
겨를이 없음,-1
겨우 빠듯하게,-1
겨우겨우,-1
겨우겨우 살기를,-1
겨운,-1
겨운 일에,-1
격식을 갖추지 않고,-1
격에 어울리지,-1
겪거나 불쌍한,-1
결기가,-1
결기가 나다,-1
결단성 없다,-1
결단성 없이,-1
결단성이 없고,-1
결단성이 없다,-1
결단을 못 내리는,-1
결막염,-1
결심 없이,-1
결점,-1
결정을 못하고,-1
결정하지 못하고,-1
결정하지 못하는,-1
결정하지 못하다,-1
결정하지 못함,-1
결함,-1
결함을,-1
결함을 드러내어,-1
결함을 들추어,-1
결함을 풍자하였다,-1
결함이 있다,-1
결함이나,-1
결함이나 잘못,-1
결함이나 잘못에,-1
결핵,-1
겸연쩍고,-1
겸연쩍다,-1
경련,-1
경련이,-1
경망스러우며,-1
경망스러운,-1
경망스러운 여자를,-1
경망스럽게,-1
경망스럽게 까부는,-1
경망스럽게 내어,-1
경망스럽게 놀려,-1
경망스럽게 덤비며,-1
경망스럽게 떠벌리는,-1
경망스럽게 이리저리,-1
경망스럽게 추켰다,-1
경망스럽게 행동하는,-1
경망스럽게 행동하다,-1
경망스럽고,-1
경망스럽고 가볍게,-1
경망스럽고 방정맞은,-1
경망하게,-1
경망하게 행동하는,-1
경망하게 행동하다,-1
경망한,-1
경망한 짓,-1
경박스럽게,-1
경박하게,-1
경박하다,-1
경박한,-1
경박한 행동을,-1
경솔하게,-1
경솔하게 까부는,-1
경솔하게 말하며,-1
경솔하게 행동하는,-1
경솔하게 행동하다,-1
경솔하게 행동하여,-1
경솔하고,-1
경솔하다,-1
경솔한,-1
경솔한 모양,-1
경험이 적거나,-1
경황이 없어,-1
계속 게워,-1
계속 공허하다,-1
계속 공허한,-1
계속 까부는,-1
계속 까불다,-1
계속 놀리다,-1
계속 다투다,-1
계속 떠들어,-1
계속 밉살스럽게,-1
계속 서운하다,-1
계속 서운한,-1
계속 성을,-1
계속 아첨하는,-1
계속 어지럽고,-1
계속 쩔쩔매거나,-1
계속 토할,-1
계속 헤프게,-1
고까워하는,-1
고까워하는 데가,-1
고까워하는 태도가,-1
고까워하는 태도를,-1
고르지 못하거나,-1
고르지 못한,-1
고르지 아니하게,-1
고르지 아니하고,-1
고르지 않고,-1
고름,-1
고름이 나오는,-1
고름이 생기는,-1
고름이 생기다,-1
고름집,-1
고리게,-1
고분고분하지 못하고,-1
고비를,-1
고생을,-1
고생을 격다,-1
고생을 하다,-1
고생이나,-1
고생하거나,-1
고생하다,-1
고소 공포증,-1
고열,-1
고열 따위로,-1
고자질함,-1
고작,-1
고장나다,-1
고지혈증,-1
고질병,-1
고집,-1
고집스레,-1
고집스레 싫다고,-1
고집을,-1
고집을 부리거나,-1
고집을 부리는,-1
고집을 부림,-1
고집이,-1
고집이 세어,-1
고집이 센,-1
고집이 있는,-1
고치기 어려운,-1
고치긱 어려운,-1
고타분히,-1
고함,-1
고함을 지르면서,-1
고혈압,-1
곤궁하여,-1
곤궁함,-1
곤란에,-1
곤란에 대하여,-1
곤란이나,-1
곤란이나 시련이,-1
곤란하게,-1
곤란하게 되다,-1
곤란하다,-1
곤란하여 지는,-1
곤란한,-1
곤란한 병,-1
곤란한 사정을,-1
곤란한 상태를,-1
곤장으로 치던,-1
곧바르지 아니하고,-1
곧잘 흥분하는,-1
곧지 못하고,-1
곪느라고,-1
곪느라고 쑤시다,-1
곯려 주다,-1
곯리거나,-1
곯아서,-1
곯아서 물크러질,-1
곯은,-1
곯은 듯하다,-1
곰살갑지 못하며,-1
곰살궂지 못하고,-1
곰팡내,-1
곱실대다,-1
곱지 아니하다,-1
곱지 않고,-1
공갈,-1
공공연히 불법적으로,-1
공교롭고,-1
공교롭고 이상하다,-1
공범자에,-1
공손하지 아니하고,-1
공연한,-1
공연한 짓을,-1
공연히,-1
공연히 놀며,-1
공포나,-1
공허하다,-1
공허한,-1
공허한 느낌,-1
공허한 느낌이,-1
공황상태,-1
공황장애,-1
과격하다,-1
과격한,-1
과금,-1
과대망상에,-1
과대망상에 빠진,-1
과도하게,-1
과로,-1
과로 따위가,-1
과로 따위로,-1
과로로,-1
과식을,-1
과식을 하거나,-1
과음하거나,-1
과장되어,-1
과하다,-1
관계가 끊어지거나,-1
관계가 끊어지는,-1
관계가 끊어지다,-1
관계를 끊다,-1
관계없는,-1
관계없는 행동을,-1
관람객이 줄어들다,-1
관심병,-1
관심을 가지지 아니하고,-1
관절이 저리고,-1
관철하려고 다투는,-1
광견병을,-1
광탈,-1
괘씸하고,-1
괜한 트집을,-1
괜히 트집을,-1
괴물,-1
괴상한 일이,-1
괴이쩍게,-1
괴이쩍게 생각하다,-1
교도소에 수감된,-1
교만하게,-1
교만하게 굶,-1
교만하고,-1
교만하다,-1
교만하여,-1
교만함,-1
교모하게 괴롭히거나,-1
교묘하고,-1
교묘하다,-1
교묘히 넘기는,-1
교양이 없고,-1
교양이 없다,-1
교제를 끊어,-1
교활하고,-1
교활한,-1
교활한 무리들이,-1
교활한 수단을,-1
교활한 수단이나,-1
구두쇠처럼,-1
구리게,-1
구박하거나,-1
구속하다,-1
구속함,-1
구슬퍼질,-1
구슬퍼질 정도로,-1
구슬프고,-1
구슬프다,-1
구슬피,-1
구토,-1
구토 증세가,-1
구토를,-1
구토를 일으키거나,-1
국내의 반란,-1
군살이 처지도록,-1
군색함,-1
군소리를,-1
군소리를 내다,-1
군소리를 하는,-1
군소리를 하다,-1
굳어지다,-1
굳지 못하고,-1
굳지 못하여,-1
굴복시킴,-1
굶는,-1
굶는 모양,-1
굶다,-1
굶주려서,-1
굶주리고,-1
굶주리다,-1
굶주린,-1
굶주린 백성을,-1
굼드게 먹는,-1
굼뜨게,-1
굼뜨게 먹다,-1
굼뜨게 움직이는,-1
굼뜨게 움직이다,-1
굼뜨게 하다,-1
굼뜨게 행동하는,-1
굼뜨게 행동하다,-1
굼뜨고,-1
굼뜨다,-1
궂게,-1
궂다,-1
권리를 없애거나,-1
권리를 침해한,-1
권세를 마음대로,-1
권태,-1
권태감,-1
권태기,-1
권태로이,-1
권태롭다,-1
권태를,-1
권태를 느끼는,-1
귀머거리,-1
귀먹은,-1
귀염을 받지 못할,-1
귀차니즘,-1
귀찮거나,-1
귀찮게,-1
귀찮게 구는,-1
귀찮게 굴다,-1
귀찮게 씹히는,-1
귀찮게 씹히다,-1
귀찮게 하는,-1
귀찮게 하다,-1
귀찮게 하여,-1
귀찮고,-1
귀찮다,-1
귀찮아하도록,-1
귀찮으면서도,-1
귀찮을,-1
귀찮을 때,-1
귀찮을 정도로,-1
귀찮음,-1
규범을 어기면서,-1
규칙을 어겨,-1
균의,-1
균의 침입으로,-1
균형을 잃거나,-1
그 방정,-1
그 범죄를,-1
그 시체를,-1
그 실수,-1
그 질병,-1
그 한숨,-1
그 형벌에,-1
그대로 힘없이,-1
그득한 병,-1
그런 근심,-1
그런 비판,-1
그럴듯하게 대강,-1
그럴듯하게 대충,-1
그렇게 애도함,-1
그르게 되거나,-1
그르치다,-1
그릇된 행동,-1
그릇된 행동을,-1
그만두게,-1
그만두게 되거나,-1
그만두게 하다,-1
그만두다,-1
그만두어,-1
그만두어 버리다,-1
그만두어 버림,-1
극성맞게,-1
극성맞다,-1
근거가 없고,-1
근심,-1
근심 따위로,-1
근심과,-1
근심과 걱정으로,-1
근심스럽거나,-1
근심스럽거나 답답하여,-1
근심스럽고,-1
근심에 잠겨서,-1
근심으로,-1
근심이,-1
근심이 있어,-1
근심이나,-1
근심이나 걱정,-1
근심이나 병,-1
근심이나 설움으로,-1
근심하거나,-1
근심하고,-1
근심하는,-1
근심하는 데가,-1
근심하다,-1
근심하며,-1
근심하며 분하게,-1
근심함,-1
근심함을,-1
근심함을 이르는,-1
근지럽고,-1
근질근질 가려운,-1
근질근질하다,-1
긁어 상처를,-1
금고를 깨뜨리다,-1
금사빠,-1
급하게,-1
급하게 몰아쉬는,-1
급하게 쉬는,-1
급하고,-1
급하고 거세다,-1
급하고 변덕스러워,-1
급하다,-1
급한 처지에,-1
기가 눌려,-1
기가 막혀,-1
기가 막히거나,-1
기가 미련이,-1
기가 부족하며,-1
기가 어색하고,-1
기관지염,-1
기능을 상실한,-1
기능을 잃고,-1
기능이 약하여진,-1
기능이 허약하여,-1
기다리지 못하고,-1
기대에 어그러져,-1
기량이 부족하여,-1
기력이 쇠약한,-1
기력이 쇠약해지는,-1
기력이 약하여,-1
기력이 약하여지는,-1
기력이 허약하여,-1
기를 꺾다,-1
기를 꺾음,-1
기름기가 많다,-1
기세가 꺾이고,-1
기세가 약해지다,-1
기억이 희미해져서,-1
기운을 쓰는,-1
기운을 잃고,-1
기운이 꺾이다,-1
기운이 꺾임,-1
기운이 막히다,-1
기운이 막힘,-1
기운이 못 펴지게,-1
기울어지며 자꾸,-1
기일이 안타깝게,-1
기준보다 못하거나,-1
기준에 미치지 못하다,-1
기침,-1
기침 소리를,-1
기침병을 앓아,-1
기침을,-1
기침을 심하게,-1
기침을 하다,-1
기침을 한다,-1
기침이,-1
기침이 나는,-1
기피되어,-1
기피하여,-1
기한까지 내지 못하고,-1
기형으로,-1
기회를 놓치거나,-1
기회주의적이고,-1
긴장되고,-1
긴장되다,-1
긴장이나,-1
긴장하거나,-1
긴장하거나 힘을,-1
긴장하다,-1
긴장하여,-1
길막,-1
길이 어둡거나,-1
깊이가 없고,-1
깊지 아니하거나,-1
깊지 아니하고,-1
ㄲ,-1
ㄲㅂ,-1
ㄲㅈ,-1
까꾸러트리다,-1
까다로운,-1
까다로운 모양,-1
까다로워,-1
까다로이,-1
까다롭게,-1
까다롭게 구는,-1
까다롭게 굴거나,-1
까다롭게 굴다,-1
까다롭고,-1
까다롭고 좀스럽게,-1
까다롭다,-1
까무러쳐,-1
까무러쳐 넘어지면서,-1
까무스름하다,-1
까부는,-1
까부는 모양,-1
까불거나,-1
까불기만 하고,-1
까불까불하고,-1
까불다,-1
까불며,-1
까불며 웃는,-1
까불며 웃다,-1
까불며 행동하는,-1
까불어,-1
까불어 대는,-1
까불어 대다,-1
까불어서,-1
까비,-1
까칠하거나,-1
까칠하게,-1
까칠하게 일어선,-1
까칠하다,-1
까탈이,-1
까탈이 많게,-1
까탈이 많다,-1
깍아내리다,-1
깎아내려,-1
깎아내려 배척함,-1
깎아내리기,-1
깎아내리기 잘하다,-1
깎아내리려,-1
깎아내리려 함,-1
깐깐하고,-1
깐깐하다,-1
깐작깐작하고,-1
깐죽대다,-1
깔깔하며,-1
깔깔한,-1
깔깔한 느낌,-1
깔끄럽게,-1
깔끄럽게 따끔거리는,-1
깔끔하지 못하고,-1
깔끔하지 않고,-1
깔보면서,-1
깔보아,-1
깔봄,-1
깜놀,-1
깜짝 놀라다,-1
깝,-1
깨갱대다,-1
깨끗하지 못하고,-1
깨끗하지 못한,-1
깨달음을 방해하는,-1
깨뜨려 버리다,-1
깨뜨리다,-1
깨어지거나,-1
깨어지다,-1
깨지다,-1
깨진,-1
깨침이 늦고,-1
깽깽대다,-1
꺼꾸러트리다,-1
꺼덕거리다,-1
꺼덕대다,-1
꺼덕이다,-1
꺼먹대다,-1
꺼부는,-1
꺼부는 모양,-1
꺼부러져,-1
꺼부러져 보이게,-1
꺼불거리고,-1
꺼불대다,-1
꺼칠하게,-1
꺼칠하게 일어선,-1
꺼칠하다,-1
꺽어 약해지게,-1
꺾어 누르다,-1
꺾이다,-1
꺾이어 무너지다,-1
꺾이어 약해지다,-1
꺾임,-1
껄끄러운,-1
껄끄러운 모양,-1
껄끄럽게 뜨끔거리는,-1
껄렁껄렁한,-1
껄렁껄렁한 사람,-1
껄렁껄렁한 사람들의,-1
꼬락서니,-1
꼬물거리는,-1
꼬물거리는 모양,-1
꼬집거나,-1
꼬집히는,-1
꼬집히는 것처럼,-1
꼼꼼하지 않아,-1
꽁알대다,-1
꽁하다,-1
꽤 거칠게,-1
꽤 더럽고,-1
꽤 사납게,-1
꽤 스산하고,-1
꽤 썰렁한,-1
꽤 엉성하고,-1
꽤 염치없이,-1
꽤 저리다,-1
꽤 저린,-1
꽥꽥거리는 사람을,-1
꾀 거칠게,-1
꾀거나,-1
꾀를 부려,-1
꾀를 부리거나,-1
꾀를 부리느라고,-1
꾀만 부리다,-1
꾸며서 전하다,-1
꾸며서 전함,-1
꾸며서 하는,-1
꾸물거리는,-1
꾸물거리는 모양,-1
꾸물거리다,-1
꾸물꾸물하다,-1
꾸중,-1
꾸중 따위의,-1
꾸중을,-1
꾸중을 듣거나,-1
꾸중을 듣고,-1
꾸중하다,-1
꾸지람,-1
꾸지람을,-1
꾸지람을 듣거나,-1
꾸지람하다,-1
꾸짖거나,-1
꾸짖거나 나무라며,-1
꾸짖는,-1
꾸짖는 말로,-1
꾸짖다,-1
꾸짖어,-1
꾸짖음,-1
끊고,-1
끊고 갈라서다,-1
끊어 버리다,-1
끊어 버림을,-1
끝내지 못하고,-1
끝내지 못한,-1
끼깅대다,-1
끼쳐서 미안하다,-1
낄끼빠빠,-1
낑낑대다,-1
ㄴㅇㅈ,-1
나고 아프며,-1
나릿나릿,-1
나무라기나 하는,-1
나무라다,-1
나무라며,-1
나무람을,-1
나무람을 이르는,-1
나불거리며,-1
나불거리며 까불다,-1
나불나불,-1
나불나불하다,-1
나서 틀어지다,-1
나아가지 못하고,-1
나오는 기침,-1
나오는 한숨이나,-1
나태하게,-1
난폭하다,-1
난폭한,-1
날조하여,-1
날카로운 말투로,-1
낡고,-1
낡다,-1
낡아,-1
낡아 버리다,-1
낡아지다,-1
낡은,-1
낡은 느낌이나,-1
낡은 티를,-1
남기거나 버리다,-1
남루하게,-1
남루하게 입다,-1
남몰래,-1
남몰래 슬쩍,-1
남보다 뒤떨어지거나,-1
남부끄러이,-1
남부끄럽다,-1
남부럽다,-1
남사스럽다,-1
남아 서운하다,-1
남에게 넘기다,-1
남에게 따돌림을,-1
남에게 미루다,-1
남에게 씌우려던,-1
남에게 아첨함을,-1
남용,-1
남을 건드려,-1
남을 곯려,-1
남을 곯리거나,-1
남을 귀찮게,-1
남을 꾀거나,-1
남을 나무람을,-1
남을 부추기어,-1
남을 비방하거나,-1
남을 속여,-1
남을 속이거나,-1
남을 속이다,-1
남을 속이려는,-1
남을 시기하는,-1
남을 억누르다,-1
남의 결함을,-1
남의 잘못이나,-1
남이 귀찮아하도록,-1
남이 잘못되는,-1
낫지 아니하는,-1
낫지 아니하여,-1
낫지 않는,-1
낭비,-1
낭비하다,-1
낮아지거나,-1
낮은 성적,-1
낮은 지위의,-1
낮은 지혜라는,-1
낮이 없거나,-1
낯부끄럽다,-1
낯설다,-1
낯이 설거나,-1
낯이 없거나,-1
낯이 없다는,-1
낳지 못하는,-1
내려가지 아니하여,-1
내려오는 병이나,-1
내리눌리다,-1
내밀었다가 허탕이,-1
내부의 싸움,-1
내소외친하다,-1
내송,-1
내송하다,-1
내숭스럽고,-1
내키지 아니하거나,-1
내키지 아니하여,-1
내키지 않게,-1
내키지 않는,-1
내키지 않다,-1
내키지 않아,-1
냉담하다,-1
너그럽지 못하고,-1
너그럽지 못하다,-1
너불거리며,-1
너불거리며 까부는,-1
너불거리며 까불다,-1
너저분하게,-1
너저분하다,-1
너저분하여,-1
너저분하여 보일,-1
너저분한,-1
너저분한 상태가,-1
너저분해,-1
너저분해 보일,-1
너프,-1
넉넉잡아야 고작,-1
넉넉하지 못하고,-1
넉넉하지 못하여,-1
넉넉하지 못함,-1
넉넉하지 아니함,-1
넘기지 못한다는,-1
넘어지거나,-1
넘어지거나 주저앉는,-1
넘어지는 병,-1
넘어지며,-1
넘어질,-1
넘어질 듯,-1
넘치게 굴다,-1
노는 꼬락서니,-1
노려보다,-1
노름,-1
노름꾼이,-1
노름을 하거나,-1
노름판을 벌여,-1
노린 냄새가,-1
노숙자,-1
노여움 따위의,-1
노인의 병,-1
노인정,-1
노잼,-1
노후되다,-1
논리가 없이,-1
놀기만 하는,-1
놀기만 하다,-1
놀라거나,-1
놀라거나 피곤하거나,-1
놀라고,-1
놀려,-1
놀려 말하는,-1
놀려 말하다,-1
놀리거나,-1
놀리는,-1
놀리는 말투나,-1
놀리는 모양,-1
놀리는 짓을,-1
놀리는 태도가,-1
놀리는 태도로,-1
놀리다,-1
놀릴,-1
놀릴 때,-1
놀림,-1
놀림 받다,-1
놀림과,-1
놀림받다,-1
놀림을,-1
놀림을 받게,-1
놀아나는,-1
놀아나는 짓,-1
놓쳐,-1
놓쳐 헤어지게,-1
놓치다,-1
뇌물을,-1
뇌물의,-1
뇌물의 성격을,-1
뇌성 마비에서,-1
누르기 어려워하다,-1
눈곱이나,-1
눈뜬장님,-1
눈물,-1
눈물을 흘리며,-1
눈물이,-1
눈물이 나며,-1
눈새,-1
눈알이 우묵해지다,-1
눈앞에서 귀찮게,-1
눈에 거슬려,-1
눈에 거슬리는,-1
눈에 눈물이,-1
눈을 멋없이,-1
눈을 속여,-1
눈을 속임,-1
눈이 가렵고,-1
눈이 깔깔하거나,-1
눈이 좀스럽게,-1
눈이 풀려서,-1
눈치를,-1
눈치를 보며,-1
눌려 졸아들고,-1
뉘우치지 못함을,-1
뉘우침이 없음,-1
느끼지 못하는,-1
느리고 굼뜨다,-1
느리다,-1
느릿느릿,-1
느릿느릿 굼뜨게,-1
느릿느릿 행동하는,-1
느릿느릿 힘없는,-1
느물거려,-1
느물거리는,-1
느물거리는 모양,-1
느즈러져,-1
늘 병치레를,-1
늘어나다,-1
늙거나,-1
늙어 빠진,-1
늙어서,-1
능글능글하다,-1
능글맞고,-1
능청맞고,-1
능청맞고 수선스럽게,-1
능청스러운,-1
능청스러운 짓을,-1
능청스럽게 구는,-1
능청스럽고,-1
능청스럽고 음흉한,-1
능청을,-1
능청을 부리며,-1
늦다,-1
늦어지는,-1
늦어지는 모양,-1
늦어지다,-1
ㄷㅊ,-1
다 까칠하거나,-1
다 없애,-1
다그치다,-1
다그치며 몰아세우다,-1
다급하게,-1
다급하여,-1
다듬어지지 않은,-1
다랍게,-1
다랍게 아첨을,-1
다리가 무겁고,-1
다리가 약해져서,-1
다리가 잘못되어,-1
다리를 잘망스럽게,-1
다리를 절다,-1
다리를 절며,-1
다리를 절면서,-1
다부지게 하지 못하고,-1
다부지지 못하고,-1
다부지지 못하여,-1
다소 엉뚱하게,-1
다정하지 않고,-1
다치거나,-1
다치거나 맞거나,-1
다치거나 하여,-1
다치다,-1
다친 데나,-1
다친다는,-1
다친다는 뜻으로,-1
다하여 없다,-1
닥쳐오다,-1
단념할,-1
단념할 수밖에,-1
단번에 빼앗다,-1
단작스럽게,-1
단정하지 못하고,-1
단정하지 못하며,-1
단정하지 못한,-1
달갑지 아니하거나,-1
달갑지 아니하게,-1
달갑지 아니하여,-1
달갑지 아니하여서,-1
달갑지 아니한,-1
달갑지 아니한 태도를,-1
달갑지 않거나,-1
달갑지 않다,-1
달갑지 않은,-1
달갑지 않은 음식을,-1
달아남,-1
닳아,-1
담력이 약함을,-1
답답하거나,-1
답답하게,-1
답답하게 여기다,-1
답답하고,-1
답답하다,-1
답답하며,-1
답답하여,-1
답답하여 활기가,-1
답답하여진다,-1
답답한,-1
답답한 데,-1
답답한 마음이,-1
답답한 모양,-1
답답한 상태에서,-1
답답한 증상,-1
답답한 증세,-1
답답할,-1
답답할 때,-1
답답할 정도로,-1
답답함,-1
답답해진다,-1
당차지 못하고,-1
당찮다,-1
당하다,-1
당하였던,-1
당하였던 일이,-1
당한 것을,-1
당황하다,-1
당황하여,-1
당황해하는,-1
당황해하는 모양,-1
당황해하다,-1
대강 하고,-1
대강대강,-1
대강대강 아무렇게나,-1
대구하는 짓을,-1
대꾸하는,-1
대단치 아니하거나,-1
대단치 않은,-1
대담하지 못하고,-1
대립으로,-1
대립하는,-1
대립하는 관계에,-1
대수롭지 아니하거나,-1
대수롭지 아니하고,-1
대수롭지 아니하다,-1
대수롭지 아니한,-1
대중없이,-1
대중없이 날뛰는,-1
대중이 없다,-1
대책이 없이,-1
대충 하고,-1
대충대충,-1
대충대충 일을,-1
대충대충 하는,-1
대충대충 하다,-1
대충하다,-1
더디거나,-1
더디거나 지루하여,-1
더디다,-1
더딘,-1
더딘 모양,-1
더럽혀서 쓰지,-1
더부룩하면서,-1
더부룩하여,-1
더위를 먹어서,-1
덜렁거리며,-1
덜렁거리며 돌아다니는,-1
덥거나,-1
덥다,-1
덧나다,-1
데면데면하게,-1
데면데면하다,-1
데면데면함,-1
도둑,-1
도리어 말대답을,-1
도망하는,-1
도망하는 짓,-1
도살되다,-1
도살하다,-1
도외시하다,-1
도의심이 없다,-1
도의심이 없음,-1
도적질,-1
독감,-1
돌머리,-1
돌보지 아니하다,-1
돌보지 않음을,-1
돌봄이 없이,-1
돌아보아지지 않고,-1
돌아보지 아니하다,-1
돌아보지 아니함,-1
동작이 느리고,-1
동통,-1
되거나,-1
되거나 맵짜다,-1
되는대로 마구,-1
되어 무안하고,-1
되지 아니하거나,-1
되지 아니하면서,-1
되지 아니하여,-1
되지 않고,-1
되지 않아,-1
되풀이되어 물리거나,-1
두려워하다,-1
두통이나,-1
둔하게,-1
둔하고,-1
둔하다,-1
둔한,-1
둔한 데가,-1
뒤가 무지근한,-1
뒤로 물러나다,-1
뒤바뀌어 지다,-1
뒤바뀌어 짐,-1
뒤섞거나,-1
뒤섞거나 뒤얽히게,-1
뒤섞여 너저분하다,-1
뒤섞이거나 뒤얽혀,-1
뒤숭숭하게,-1
뒤숭숭하다,-1
뒤숭숭한,-1
뒤숭숭한 느낌,-1
뒤숭숭한 시기,-1
뒤숭숭함,-1
뒤얽혀,-1
뒤얽히게,-1
뒤얽히게 하다,-1
뒤엉키어,-1
뒤에 처지다,-1
뒤져 있다,-1
뒤척거리다,-1
뒷거래하다,-1
드러내어 탓하다,-1
드문드문 벗어진,-1
드센,-1
든든하지 못해서,-1
듣보잡,-1
들떠서 건들거리고,-1
들볶거나,-1
들볶다,-1
들어오지 못하게,-1
등급이 낮은,-1
등급이 떨어지고,-1
등뼈가 굽어,-1
등지게 되다,-1
따가운,-1
따가운 느낌,-1
따가운 느낌이,-1
따가울,-1
따가울 정도로,-1
따금대다,-1
따끔거리는,-1
따끔거리는 느낌이,-1
따끔따끔히,-1
따끔하게,-1
따끔하게 내리는,-1
따끔하게 울리다,-1
따끔히,-1
따뜻하지 않다는,-1
따르지 못하거나,-1
따분하고,-1
따위가 급하고,-1
따위가 덧나다,-1
따위가 술렁거리어,-1
따지고,-1
따지고 들다,-1
따지며,-1
딱딱대다,-1
딱하거나,-1
딱하게,-1
딱하게 되어,-1
딱하게 여기다,-1
딴전을,-1
딴전을 부림을,-1
때가,-1
때가 끼어서,-1
때가 늦음,-1
때나,-1
때려,-1
때려서,-1
때려서 상처를,-1
때리는,-1
때리는 일,-1
때리는 일을,-1
때림을,-1
때림을 이르는,-1
떠넘기려고,-1
떠넘기려고 하다,-1
떠드는,-1
떠드는 모양,-1
떠들거나,-1
떠들다,-1
떠들며,-1
떠들썩대다,-1
떠들썩하다,-1
떠들어,-1
떠들어 대는,-1
떠들어 대다,-1
떠들어서,-1
떨구다,-1
떨다,-1
떨림,-1
떨며,-1
떨며 조심하다,-1
떨며 조심함,-1
떨어져 나가다,-1
떨어지는 증상,-1
떨어지다,-1
떨어트리다,-1
떪,-1
떼를 쓰며,-1
또렷하지 못하고,-1
또렷하지 아니하고,-1
똑똑하지 못하고,-1
똑똑하지 못하다,-1
똑똑하지 못하여,-1
똑똑하지 못한,-1
똑똑하지 않은,-1
똘똘하지 못하고,-1
똥똥하게,-1
똥똥한,-1
똥똥한 모양,-1
뚜렷하지 아니하다,-1
뚜렷하지 않은,-1
뚝둑하고,-1
뚱뚱하다,-1
뚱뚱한,-1
뚱뚱한 사람,-1
뜨끔거리는,-1
뜨끔거리는 느낌이,-1
뜨끔뜨끔히,-1
뜨끔하게,-1
뜨끔하게 울리는,-1
뜻밖의 변이나,-1
뜻밖의 사고가,-1
뜻밖의 사고를,-1
뜻을 굽히다,-1
뜻하지 아니하게,-1
뜻하지 아니한,-1
루머,-1
ㅁㅊ,-1
마구 쓰는 모양,-1
마구 쓰다,-1
마구 주저앉거나,-1
마땅치 않은,-1
마르거나 시들어서,-1
마맛자국이,-1
마비,-1
마비 따위의,-1
마비되거나,-1
마비되고 저리거나,-1
마비에서,-1
마약,-1
마음대로 정치를,-1
마음대로 처리함을,-1
마음대로 함을,-1
마음대로 행동함,-1
마음에 걸려,-1
마음에 걸리는,-1
마음에 걸리는 일이,-1
마음에 걸리다,-1
마음에 걸리어,-1
마음에 내키지 않게,-1
마음에 모자라,-1
마음에 없는 말로,-1
마음에 없는 일을,-1
마음에 자리자리한,-1
마음에 차지 아니하고,-1
마음에 차지 아니하여,-1
마음에 차지 아니하여서,-1
마음에 차지 않거나,-1
마음에 차지 않아,-1
마음을 계속 졸이는,-1
마음을 계속 졸이다,-1
마음을 놓지 못하고,-1
마음을 조임,-1
마음을 졸이는,-1
마음을 졸이다,-1
마음을 졸이며,-1
마음을 졸임,-1
마음의 병을,-1
마음이 놓이지 않아,-1
마음이 무겁거나,-1
마음이 사늘한,-1
마음이 서로 맞지 않아,-1
마음이 안 놓여,-1
마음이 텅 비어,-1
마음이 텅 빈것같이,-1
마음이 편안하지 못하다,-1
마음이 허전하거나,-1
마주치기를 꺼리어,-1
마지못하여,-1
마지못하여 먹다,-1
마지못해,-1
만나고 싶지 않았던,-1
만나지 못하여,-1
만만한,-1
만만한 사람,-1
만성 질환,-1
만성 피부염,-1
만족스럽지 못하게,-1
만족스럽지 못하다,-1
만족스럽지 않고,-1
많은 고생을,-1
많이 닥쳐오다,-1
말라 없어지다,-1
말라서,-1
말라서 거친,-1
말로 꾀어,-1
말소리가 찡찡한,-1
말썽을,-1
말썽을 부리거나,-1
말썽을 일으키다,-1
말썽이,-1
말썽이 나서,-1
말없이,-1
말에 엇서며,-1
말하기 어렵게,-1
맑지 못하고,-1
맑지 아니하고,-1
맑지 아니하다,-1
맑지 아니한,-1
맑지 않아서,-1
맛없다,-1
맛없이,-1
맛없이 우쭐하여,-1
맛이 약하다,-1
맛이 없이,-1
망그러지다,-1
망설여지며,-1
망설이거나,-1
망설이고,-1
망설이기만,-1
망설이기만 하고,-1
망설이는,-1
망설이는 모양,-1
망설이다,-1
망설이며,-1
망설이며 주저주저하는,-1
망설이며 주저주저하다,-1
망실,-1
망실하다,-1
맞거나,-1
맞거나 하여,-1
맞지 아니하고,-1
맞지 아니하기도,-1
맞지 아니하다,-1
맞지 아니하여,-1
맞지 아니한다고,-1
맞지 아니함,-1
맞지 않거나,-1
맞지 않게,-1
맞지 않는,-1
매끈하지 못하고,-1
매로,-1
매를 맞는,-1
매여,-1
매우 좁음을,-1
맥박이 미약한,-1
맥박이 약하고,-1
맵짜게,-1
맵짜게 쏘아붙이는,-1
맵짜다,-1
머리가 둔한 사람을,-1
머리가 세다,-1
머리가 어지러워서,-1
머리가 어지럽고,-1
머뭇거리거나,-1
머뭇거리게,-1
머뭇거리게 되다,-1
머뭇거리는,-1
머뭇거리는 결점,-1
머뭇거리는 모양,-1
머뭇거리다,-1
머뭇거리며,-1
머뭇대다,-1
머뭇머뭇하거나,-1
머뭇머뭇하는,-1
머뭇머뭇하는 모양,-1
머뭇하다,-1
먹을 수 없게,-1
먹지 못하는,-1
먹튀,-1
먼지,-1
먼지 따위가,-1
멀건,-1
멀건 모양,-1
멀겋게,-1
멀겋다,-1
멀리하다,-1
멀리함,-1
멀어진 듯한,-1
멈칫하거나,-1
멋없이 가볍게,-1
멋쩍거나,-1
멋쩍고,-1
멋쩍다,-1
멋쩍은,-1
멋쩍은 사람,-1
멋쩍음,-1
멍하고,-1
멍하고 앞이,-1
멍한,-1
멍한 모양,-1
멍한 상태로,-1
면직을,-1
면직을 당하다,-1
명령을 거짓으로,-1
명백하지 않은,-1
명성이 높다,-1
명예훼손,-1
모략,-1
모르거나,-1
모르게 없어져,-1
모르는,-1
모르는 듯하다,-1
모르는 모양,-1
모르는 사람,-1
모르는 체하다,-1
모르는 체하며,-1
모르는 체함,-1
모순,-1
모순되다,-1
모순된,-1
모순된 것을,-1
모시,-1
모양새가 밉살스러운,-1
모여 수선스럽게,-1
모자라 아쉽거나,-1
모자라거나,-1
모자라거나 낮다,-1
모자라거나 없어서,-1
모자라게 되다,-1
모자라기는,-1
모자라는,-1
모자라는 듯하다,-1
모자라는 상태를,-1
모자라다,-1
모자라서,-1
모자라서 안타깝고,-1
모자란,-1
모자란 듯하다,-1
모자란 듯한,-1
모조리 뒤지어 훔치다,-1
모호하거나,-1
모호하게,-1
모호하게 하다,-1
모호하다,-1
모호하여,-1
목구멍이 헐어서,-1
목소리가 쉰,-1
목이 마르고,-1
목이 뻣뻣해지기도,-1
목이 잠기는,-1
목이 텁텁하여,-1
몰래,-1
몰래 가지다,-1
몰래 사고파는,-1
몰래 삼,-1
몰래 팖,-1
몰래 훔치거나,-1
몰래 훔치다,-1
몰래 훔침으로써,-1
몰아대거나,-1
몰아대다,-1
몰아세우다,-1
몰인정,-1
몸살,-1
몸에 부스럼이나,-1
몸을 가누지 못함,-1
몸을 뒤척거리다,-1
몸을 움츠리는,-1
몸을 움츠린다는,-1
몸을 움츠림을,-1
몸이 굳어지다,-1
몸이 떨리는,-1
몸이 붓고,-1
몸이 붓는,-1
몸이 뻐근하게,-1
몸이 야위는,-1
몸이 야위어,-1
몸이 약하거나,-1
몸이 약하여,-1
몸이 약하여서,-1
몸이 약하여져서,-1
몸이 여위게,-1
몸이 여위고,-1
몸이 여위어,-1
몸이 움츠러들거나,-1
몸이 지쳐,-1
몸이 참,-1
몸이 허약하여,-1
못 가누다,-1
못 미쳐,-1
못 쓰게,-1
못 하게,-1
못 하게 하다,-1
못 하다,-1
못난 사람이나,-1
못생긴,-1
못하고 희미하게,-1
못하는 모양,-1
못하는 상태,-1
못하는 상태로,-1
못하던,-1
못하던 일,-1
못하도록,-1
못하여,-1
못하여 순진하고,-1
못한,-1
못한 자는,-1
못할 만큼,-1
못할 만한,-1
못함을,-1
무가치,-1
무겁거나 하여,-1
무겁다,-1
무관심,-1
무관심한,-1
무기력하다,-1
무기력함,-1
무능력,-1
무능하다,-1
무능한,-1
무뚝뚝하다,-1
무르게 생긴,-1
무릎이 시리고,-1
무리에서 기피되어,-1
무리에서 기피하여,-1
무리하게,-1
무리하다,-1
무모하다,-1
무모한,-1
무시하다,-1
무엇에 얽매여서,-1
무엇을 토하다,-1
무의미한,-1
무의미한 말이나,-1
무자비한,-1
무지근한,-1
무지근한 증상이,-1
무지러져서,-1
무한이기주의,-1
무형적 손해를,-1
무효로,-1
무효로 하다,-1
무효로 함,-1
문드러져,-1
문드러지다,-1
문란하여진,-1
문란하여진 법도,-1
문맹,-1
문맹 상태를,-1
문제 삼아,-1
물건 따위를 아끼지 아니하고,-1
물건을 훔치거나,-1
물건을 훔치는,-1
물러나다,-1
물러서거나,-1
물리거나,-1
물리거나 지루해져서,-1
물리거나 질리다,-1
물리거나 질림,-1
물어 주다,-1
물어뜯거나,-1
물에 빠져,-1
물질대사가 안되어,-1
물집,-1
미개하다,-1
미띤,-1
미루거나,-1
미루다,-1
미숙하다,-1
미숙하여,-1
미숙한,-1
미안하게,-1
미안하고,-1
미안하다,-1
미안하여,-1
미안함,-1
미약하다,-1
미치지 못하게,-1
미치지 못함을,-1
미치지 못해,-1
미친개의,-1
미칠 만하게,-1
밀려나다,-1
밀린 사람,-1
밋밋하다,-1
ㅂㅅ,-1
바라진,-1
바라진 상태,-1
바람을 피우며,-1
바래서,-1
바르지 못하고,-1
바르지 못하다,-1
바르지 못한,-1
바르지 못함,-1
바르지 아니하고,-1
바보같이,-1
바보같이 웃는,-1
바쁘게,-1
바스러질 정도로,-1
바이러스,-1
바지직대다,-1
바짝 재촉하다,-1
박약,-1
반벙어리처럼,-1
반지랍지 못한,-1
반품남,-1
반품녀,-1
받지 못하게,-1
받지 못하다,-1
발길질을,-1
발길질을 하다,-1
발연기,-1
발열,-1
발열과 오한,-1
발육되지 못하여,-1
발을 헛디디거나,-1
발컨,-1
발휘하지 못하다,-1
밝지 못하고,-1
방자하고,-1
방자한,-1
방자한 태도로,-1
방정맞게 씰룩거리는,-1
방치되다,-1
방탕하다,-1
방탕한 사람을,-1
방향도 없이,-1
배가 떠남,-1
배가 아프고,-1
배가 아프다,-1
배가 아프며,-1
배우지 못하여,-1
배우지 못한,-1
뱀과 같이,-1
버성기어,-1
벌레가 나오는,-1
벌벌 떨릴,-1
벌벌 떨며,-1
벌을 받거나,-1
범죄자,-1
법석이는 짓을,-1
법을 무시하고,-1
벗어나,-1
벗어나다,-1
벗어나지 못하다,-1
벙벙한,-1
벙벙한 모양,-1
벼르다,-1
변덕스러워,-1
변변치 못하다,-1
변비,-1
변비증,-1
변태,-1
별로다,-1
별스러울,-1
별스러울 정도로,-1
별스러워,-1
별안간 호들갑스럽게,-1
병 따위가,-1
병맛,-1
병을 앓은,-1
병을 일으키는,-1
병의 빌미,-1
병치레를,-1
병치레를 하는,-1
보기에 어려운,-1
보드랍지 못하고,-1
보람 없이,-1
보로통히,-1
보수적,-1
보수적이다,-1
보채거나,-1
보채거나 짜증을,-1
보채는,-1
보채는 소리,-1
보채는 소리를,-1
보채다,-1
보챔,-1
복원 불가,-1
복잡하거나,-1
복잡하게,-1
복잡하게 뒤섞여,-1
복잡하게 들끓다,-1
복잡하고,-1
복잡하고 엄격하여,-1
복잡하다,-1
복잡하여,-1
복종하다,-1
복종하면서,-1
복종하면서 삶을,-1
복종함,-1
볶아치는,-1
볶아치는 모양,-1
볶아치는 일,-1
볶아치다,-1
본심을 감추고,-1
볼 낯이 없거나,-1
부글거리는,-1
부글거리는 모양,-1
부글거리다,-1
부끄러운,-1
부끄러운 느낌이,-1
부끄러운 부분,-1
부끄러운 줄,-1
부끄러운 줄 모르고,-1
부끄러운 짓을,-1
부끄러움,-1
부끄러움을,-1
부끄러움을 느끼게,-1
부끄러워서,-1
부끄러워지다,-1
부끄러워하는,-1
부끄러워하는 마음,-1
부끄러워하다,-1
부끄러워함,-1
부끄러이,-1
부끄럽게,-1
부끄럽게 여기다,-1
부끄럽다,-1
부당하다,-1
부당한,-1
부도덕한,-1
부드럽지 못하게,-1
부드럽지 못하고,-1
부드럽지 못하다,-1
부드럽지 못하여,-1
부드럽지 못한,-1
부드럽지 못한 말로,-1
부드럽지 아니하여,-1
부득기소,-1
부득기소하다,-1
부득부득 우기거나,-1
부딪치거나,-1
부러뜨리다,-1
부럽다,-1
부리거나 억지로,-1
부분이 다치거나,-1
부산을,-1
부산을 떨며,-1
부산을 피우다,-1
부산하게,-1
부산하게 구는,-1
부산하게 굴다,-1
부산하게 굴어,-1
부산하게 떠들다,-1
부산하게 소동을,-1
부산한,-1
부산한 데가,-1
부서지거나,-1
부서지거나 찌그러져,-1
부스럼,-1
부스럼이나,-1
부스스한,-1
부스스한 모양,-1
부실하게,-1
부심,-1
부어서 아프고,-1
부자연스러운,-1
부자연스럽게,-1
부자연스럽게 겨우,-1
부자연스럽게 행동하는,-1
부적당한,-1
부적절한,-1
부정,-1
부정행위,-1
부정확하다,-1
부정확한,-1
부족,-1
부족이나,-1
부족하거나,-1
부족하다,-1
부족하며,-1
부족하여,-1
부족한 증상,-1
부족함이,-1
부족함이 생김,-1
부주의로,-1
부주의한,-1
부진증,-1
부추겨서,-1
부추기는,-1
부추기는 짓을,-1
부패하다,-1
부패한,-1
분란,-1
분란통,-1
분란하다,-1
분명이 하지 못하고,-1
분명하게 하지 못하고,-1
분명하게 하지 아니하고,-1
분명하지 못하게,-1
분명하지 못하고,-1
분명하지 못하다,-1
분명하지 못하여,-1
분명하지 아니하게,-1
분명하지 아니하고,-1
분명하지 아니하다,-1
분명하지 아니한,-1
분명하지 아니함,-1
분명하지 않고,-1
분명하지 않은,-1
분명히 하지 못하고,-1
분별없이,-1
분별없이 행동하는,-1
분별없이 행동하다,-1
분별할 여유가 없다,-1
분별할 여유가 없이,-1
분수에 맞지 아니함,-1
분열병,-1
분열병 따위의,-1
분한 마음을,-1
불량패,-1
불리하다,-1
불리한 사실을,-1
불면병,-1
불명예스러운,-1
불성실,-1
불순물이,-1
불순물이 섞이어,-1
불신하다,-1
불안하게 여기는,-1
불안할,-1
불안할 때에,-1
불안해하고,-1
불운,-1
불충분한 대로,-1
불평등한,-1
불행,-1
붉으락푸르락하여지며,-1
붉으락푸르락해지며,-1
붓고,-1
붓는 병,-1
붙임성이 없이,-1
비뚤거리다,-1
비뚤어져,-1
비뚤어져 있는,-1
비뚤어지거나,-1
비뚤어지다,-1
비만이다,-1
비매,-1
비방,-1
비방하거나,-1
비방하다,-1
비웃거나,-1
비웃거나 깔보면서,-1
비웃거나 비꼬는,-1
비웃거나 비꼬다,-1
비웃는,-1
비웃는 뜻으로,-1
비웃는 태도로,-1
비웃다,-1
비웃으며,-1
비웃음과,-1
비웃음을,-1
비위가 뒤집혀,-1
비위가 상하다,-1
비위를 맞추느라고,-1
비위를 맞추려고,-1
비위를 상하게,-1
비위에 거슬리거나,-1
비위에 거슬리게,-1
비위에 거슬리는,-1
비위에 거슬리다,-1
비위에 맞지 아니하다,-1
비정상,-1
비정상적으로,-1
비정상적으로 잇따라,-1
비정한,-1
비정한 기세나,-1
비좁아,-1
비좁은,-1
비좁은 자리에,-1
비추하다,-1
비통한,-1
비틀거리거나,-1
비틀거리는,-1
비틀거리는 모양,-1
비틀거리다,-1
비틀거리며,-1
비틀거리면서 걷는,-1
비틀어지며,-1
비판,-1
비판되다,-1
비판이나,-1
비판이나 추궁을,-1
비판하다,-1
비판함,-1
비평,-1
비합리적인,-1
빈둥거리는,-1
빈둥거리는 모양,-1
빈둥거리다,-1
빈둥빈둥,-1
빈둥빈둥 놀다,-1
빈둥빈둥하는,-1
빈둥빈둥하는 모양,-1
빈둥빈둥하다,-1
빈혈,-1
빈혈 증상,-1
빛깔이 야단스럽게,-1
빠듯하게,-1
빠뜨려 흘리다,-1
빠지직대다,-1
빠트리다,-1
빵꾸똥꾸,-1
빵셔틀,-1
빼앗는 일,-1
빼앗는 짓,-1
빼앗아 차지함,-1
뺨이 붓고,-1
뻐근하게,-1
뻐근하게 아픈,-1
뻑적지근하다,-1
뻔뻔한,-1
뽑히지 못하다,-1
ㅄ,-1
ㅅㅂ,-1
사고나,-1
사고나 병,-1
사나우며,-1
사나운,-1
사나운 기색이,-1
사나운 모양,-1
사나운 사람,-1
사나운 사람을,-1
사나운 짐승,-1
사나운 짓을,-1
사납거나,-1
사납게,-1
사납게 되다,-1
사납게 맞서서,-1
사납게 성을,-1
사납게 우는,-1
사납게 울다,-1
사납게 흘겨보는,-1
사납고,-1
사납다,-1
사납던,-1
사늘한,-1
사늘한 기운이,-1
사늘한 느낌이,-1
사라져 없어짐,-1
사람과 대립하는,-1
사람들이 시끄럽게,-1
사람들이 어수선하게,-1
사람이 섭섭하게,-1
사리를 분별할 여유가 없다,-1
사리를 분별할 여유가 없이,-1
사리에 어두워,-1
사실을 날조하여,-1
사실인 것처럼,-1
사양하는,-1
사양하는 모양,-1
사이가 꽤 벌어져,-1
사이가 꽤 벌어지는,-1
사이가 꽤 벌어지다,-1
사이가 끊어지고,-1
사이가 뜬,-1
사이가 뜬 상태로,-1
사이가 벌어지게,-1
사이가 벌어지는,-1
사이가 벌어지다,-1
사이가 소원하다,-1
사이가 소원한,-1
사이가 어그러지고,-1
사이가 틀어져서,-1
사이를 끊고,-1
사이를 두다,-1
사정없이 마구,-1
사정없이 몰아쳐서,-1
사치,-1
사치스럽다,-1
사태가 복잡하여,-1
삭는,-1
산뜻하지 못하게,-1
산뜻하지 못하고,-1
산뜻하지 아니하고,-1
산뜻하지 않게,-1
산후 질병,-1
살가죽이 짓무르고,-1
살갗이 갈라지는,-1
살갗이 오그라들며,-1
살모넬라균에,-1
살모넬라균에 오염된,-1
살을 찌르는,-1
살이 쪄,-1
살이 쪄서,-1
살이 찌고,-1
살이 찌는,-1
살이 찐,-1
살인,-1
살인하다,-1
살짝 속여,-1
살펴보지 않고,-1
살피지 아니한,-1
살해,-1
상당히 차갑게,-1
상당히 차갑다,-1
상실된,-1
상실된 심리,-1
상실한,-1
상실한 상태를,-1
상처가,-1
상처에서,-1
상쾌하지 않고,-1
상태에 시들해져서,-1
새눈무늿병,-1
새롭지 못하고,-1
새롭지 못하다,-1
새파랗게 독이,-1
색에 빠져,-1
샐그러뜨리며,-1
샐쭉,-1
샐쭉거리다,-1
샐쭉대다,-1
샐쭉샐쭉하다,-1
샐쭉하다,-1
샘나다,-1
샘바르고,-1
샘바르고 시기하는,-1
샘을,-1
샘을 부리다,-1
샘하는,-1
샘하는 마음을,-1
샘하는 마음이,-1
샘하여,-1
생각 따위가 좁고,-1
생각 없이,-1
생각이 모자라거나,-1
생각이 모자라고,-1
생각이 부족하여,-1
생각이 좁아,-1
생기가 적은,-1
생기는 병,-1
생기는 병의,-1
생긴 병증으로,-1
생생하지 아니하고,-1
서늘한,-1
서늘한 기운,-1
서늘한 느낌이,-1
서두르며,-1
서두르며 부산하게,-1
서로 덤벼들어,-1
서로 따지며,-1
서로 맞지 않아,-1
서로 어긋나고,-1
서먹거리다,-1
서먹서먹하게,-1
서먹서먹하게 되다,-1
서먹서먹하게 행동하다,-1
서먹서먹하다,-1
서먹서먹한,-1
서먹서먹한 모양,-1
서분대다,-1
서투르거나,-1
서투르게,-1
서투르게 읽다,-1
서투르게 휘청거리며,-1
서투르고,-1
서투르다,-1
서투른,-1
서투른 걸음으로,-1
서투른 모양,-1
서투른 사람,-1
서투름,-1
선득선득,-1
선득선득하다,-1
선명하지 못하고,-1
선명하지 못한,-1
선명하지 아니하고,-1
선천적 기형으로,-1
설렁거리다,-1
설렁대다,-1
설렁설렁,-1
설렁설렁하다,-1
설레발,-1
설레발치다,-1
설사,-1
설사가,-1
설사를,-1
설사를 하는,-1
설사를 하면서,-1
설사의,-1
설사의 하나,-1
설사하는,-1
설사하는 병,-1
설친,-1
설친 잠,-1
섬기지 아니하여,-1
섬약하여,-1
섭섭하거나,-1
섭섭하게,-1
섭섭하게 여겨져,-1
섭섭하게 여겨질,-1
섭섭하고,-1
섭섭하다,-1
섭섭한,-1
섭섭한 느낌으로,-1
섭섭한 느낌이,-1
섭하다,-1
성글다,-1
성급하게,-1
성급하다,-1
성급한,-1
성기다,-1
성미가 급하고,-1
성미가 급하여,-1
성미를 부리고,-1
성실하지 못하고,-1
세력에 내리눌리다,-1
세련되지 않고,-1
세련됨이 없이,-1
세지 못하다,-1
세차고,-1
세차고 사납게,-1
센 고집,-1
소갈병,-1
소견이 얕은,-1
소견이 좁은,-1
소견이 좁은 사람을,-1
소고집,-1
소극적이다,-1
소란스럽고,-1
소리가 요란하다,-1
소원하다,-1
소원한,-1
소원한 모양,-1
소음,-1
소화 불량,-1
소화가 되지 아니하면서,-1
소화되지 못하고,-1
소화되지 아니하고,-1
속병이,-1
속병이 나서,-1
속아 넘어가게,-1
속에 거슬리게,-1
속에 답답하게,-1
속에 병이,-1
속여,-1
속여 넘기게,-1
속여 넘기는,-1
속여 넘기다,-1
속으로는 멀리하다,-1
속으로는 엉큼한,-1
속이 그득한,-1
속이 깊지 못하고,-1
속이 깐깐하고,-1
속이 답답하고,-1
속이 빈,-1
속이 쓰리고,-1
속이 엉큼하고,-1
속이 타,-1
속이 타다,-1
속절없다,-1
속절없이,-1
손가락이 없거나,-1
손발이 굳어서,-1
손발이 잘린,-1
손발이 차며,-1
손부끄러이,-1
손부끄럽다,-1
손상되어,-1
손상을,-1
손상이나,-1
송구스럽거나 부끄러워서,-1
쇠약감,-1
쇠약감 따위가,-1
쇠약하다,-1
쇠약한 지경을,-1
쇠약해지면서,-1
수군덕수군덕하다,-1
수꼴,-1
수두,-1
수막염,-1
수면 부족,-1
수분이 부족하거나,-1
수상쩍거나,-1
수선,-1
수선 부리기를,-1
수선스러워,-1
수선스럽게,-1
수선스럽게 뒤끓는,-1
수선스럽게 뒤끓다,-1
수선스럽게 들끓다,-1
수선스럽게 움직이다,-1
수선스럽고,-1
수선스럽다,-1
수선을,-1
수선을 부리다,-1
수준에 미치지 못한,-1
수준에 미치지 못함,-1
수치플,-1
술렁거리어,-1
술렁거리어 뒤숭숭하게,-1
술렁거리어 뒤숭숭하다,-1
술렁거리어 뒤숭숭한,-1
술렁거리어 뒤숭숭함,-1
숨 쉬기 어렵게,-1
숨결이 밭고,-1
숨쉬기가 힘들어지고,-1
숨어 살거나,-1
숨이 막히다,-1
숨이 막힘,-1
숨이 몹시 차는,-1
숨이 차거나,-1
숨이 차다,-1
숫기가 없어,-1
쉽게 바스러질,-1
쉽게 토라지는,-1
쉽지 아니하다,-1
스러져 가다,-1
스스러움을 느끼어,-1
스스로 부끄러워함,-1
스스로 포기하고,-1
스스로를 속인다는,-1
스포,-1
슬그머니 훔쳐,-1
슬기롭지 못하고,-1
슬쩍 가지다,-1
슬쩍 넘겨 버리다,-1
슬쩍 넘기다,-1
슴벅거리다,-1
습성 기침,-1
습진,-1
시그럽다,-1
시근시근하다,-1
시기가 아니다,-1
시기하고,-1
시기하는 마음이,-1
시답지 아니하여,-1
시련이,-1
시발비용,-1
시시하거나,-1
시시하는 마음,-1
시원스럽게 트이지 못하고,-1
시원스럽게 하지 못하고,-1
시원스럽게 하지 아니하고,-1
시원스럽지 못하고,-1
시원스럽지 아니하게,-1
시원하지 못하다,-1
시원하지 아니하고,-1
시원하지 않다,-1
시일이 늦어지는,-1
시일이 늦어지다,-1
시장하거나,-1
시장하거나 과음하거나,-1
시장한 느낌이,-1
시치미를,-1
시치미를 떼는,-1
시큰거리고,-1
시큰둥하다,-1
시큰둥한,-1
시큰둥한 모양,-1
시큰둥한 체하는,-1
식량이 없어,-1
식상,-1
식상하다,-1
식욕 부진,-1
식욕 부진증,-1
식욕이 없어지며,-1
식욕이 없으며,-1
식중독,-1
신경증,-1
신경질,-1
신경질을 잘,-1
신경질쟁이,-1
신경질적,-1
신경질적으로,-1
신경질적인,-1
신뢰할 수 없는,-1
신물,-1
신분을 낮추어서,-1
신분이 낮은,-1
신선하지 못하고,-1
신중하지 못하고,-1
신통하지 않은,-1
실랑이를,-1
실랑이를 하는,-1
실수,-1
실수가,-1
실수나,-1
실수나 부주의,-1
실수를,-1
실수를 저지름,-1
실제보다 낮추어,-1
실행하지 아니함,-1
심신 미약,-1
심신 박약,-1
심심하고,-1
심장 마비,-1
싱거운,-1
싱거운 데가,-1
싱거운 사람을,-1
싱겁게,-1
싱겁다,-1
싶지 아니한,-1
싶지 않았던,-1
ㅆㅂ,-1
싸늘한,-1
싸늘한 느낌,-1
싸늘한 느낌이,-1
싸움,-1
쌀쌀맞고,-1
쌀쌀맞다,-1
쌀쌀한,-1
쌀쌀한 데가,-1
쌓엿던 먼지,-1
썩소,-1
썰렁한,-1
썰렁한 모양,-1
쑤시고,-1
쑤시는,-1
쑤시는 것같이,-1
쑤시는 것처럼,-1
쑤시는 모양,-1
쑤시는 짓을,-1
쑤시다,-1
쑤시듯이,-1
쑤시며,-1
쑥스럽거나 미안하여,-1
쑥스럽다,-1
쓰지 못하게,-1
쓴,-1
쓴 맛이,-1
쓸데없이 나돌아,-1
쓸모없고,-1
쓸모없고 하찮은,-1
씀벅대다,-1
씁쓰레,-1
씁쓰레하게,-1
씁쓰레하다,-1
씁쓰름하다,-1
씁씁하다,-1
씹다,-1
씹히는,-1
씹히는 모양,-1
ㅇㄴ,-1
아까움,-1
아까워서,-1
아까워하다,-1
아깝게,-1
아깝게 생각하다,-1
아깝다,-1
아는 것이 없음,-1
아득하다,-1
아랫배가 아픈,-1
아르엔에이 바이러스,-1
아름답지 못하고,-1
아무 성과도,-1
아무것도 모르면서,-1
아무렇게나,-1
아무에게나 함부로,-1
아물아물,-1
아물아물 돌리는,-1
아물아물 돌리다,-1
아수록하다,-1
아쉬움,-1
아쉬워하는,-1
아쉬워하는 마음,-1
아쉬워하다,-1
아쉽거나,-1
아쉽거나 섭섭한,-1
아쉽다,-1
아슬아슬하고,-1
아슬아슬하고 위험한,-1
아오안,-1
아웃 오브 안중,-1
아찔하다,-1
아찔하여지다,-1
아첨을,-1
아첨을 떠는,-1
아첨을 떨다,-1
아첨을 하며,-1
아첨하고,-1
아첨하는,-1
아첨하는 데가,-1
아첨하는 모양,-1
아첨하다,-1
아첨하여,-1
아첨하여 따르고,-1
아첨함을,-1
악당,-1
악마에,-1
악마에 비유하여,-1
악명 높은,-1
악명높은,-1
악의의,-1
악의적,-1
악지를,-1
악지를 부려,-1
악취,-1
악한 마음을,-1
안 되거나,-1
안 되어,-1
안구 테러,-1
안궁,-1
안달,-1
안달복달,-1
안달복달하다,-1
안달이 나서,-1
안되고 애처롭게,-1
안물,-1
안색이 흙빛과,-1
안습,-1
안쓰러워하다,-1
안쓰럽다,-1
안에서 비정상적으로,-1
안장서 죽기만을,-1
안전하지 못한,-1
안절부절,-1
안절부절못하는,-1
안절부절못하다,-1
안절부절하다,-1
안정감이 없는,-1
안정감이 없다,-1
안정되지 못하고,-1
안정되지 못하여,-1
안정되지 못한,-1
안정되지 아니함,-1
안타깝게 애쓰며,-1
않고 대충대충,-1
않아 느슨하다,-1
않아 싱겁게,-1
않아 언짢은,-1
않으나 쓰리다,-1
알기 어렵다,-1
알리지 않거나,-1
알못,-1
알아듣기 어려울,-1
알아듣지 못하도록,-1
알아듣지 못한,-1
알아듣지 못할,-1
알아들을 수 없는,-1
알아차리지 못하다,-1
알알한,-1
알알한 듯하다,-1
알알한 모양,-1
알지 못하는,-1
알지 못하여,-1
알지 못함을,-1
알짝지근하다,-1
알짤지근한,-1
알짤지근한 모양,-1
앍은 자국이,-1
앓는 병,-1
앓아서,-1
앓을,-1
암담한,-1
암담한 상태나,-1
암으로 말미암아,-1
압력을 가하여,-1
압박감을,-1
압박감을 주다,-1
압박하여,-1
앙칼지게,-1
앙큼하게,-1
앙큼하게 하다,-1
앞뒤 생각 없이,-1
앞뒤를 가리지 않고,-1
앞뒤를 고려하지 않고,-1
앞뒤를 헤아리지 아니하고,-1
앞뒤를 헤아리지 않고,-1
앞으로 나가지 못하고,-1
앞으로 나아가지 못하고,-1
앞잡이,-1
앞잡이 노릇,-1
앞잡이 노릇을,-1
애가 쓰이다,-1
애가 자꾸 타는,-1
애가 자꾸 타다,-1
애가 타는,-1
애가 타다,-1
애가 타서,-1
애가 탐,-1
애를 먹는,-1
애를 먹다,-1
애를 써,-1
애를 써서,-1
애를 쓰는,-1
애를 쓰다,-1
애를 태우다,-1
애쓰는,-1
애쓰는 모양,-1
애쓰다,-1
애옥살림하다,-1
애타는,-1
애타는 마음,-1
야금야금 빼앗다,-1
야단스러워지는,-1
야단스러워지는 모양,-1
야단스럽게,-1
야단스럽게 떠들어,-1
야단스럽게 부르짖으며,-1
야단스럽게 울기도,-1
야단스럽고,-1
야단스럽고 부산하게,-1
야물지 못하고,-1
야위거나,-1
야위거나 메말라,-1
야위고,-1
야위다,-1
야위어,-1
야윈,-1
야윈 데가,-1
야윈 모양,-1
야필패,-1
약간 다급하게,-1
약간 머뭇거리다,-1
약간 쉰,-1
약간 시들어,-1
약간 움츠러드는,-1
약간 짓무르고,-1
약간 차갑게,-1
약빠르고,-1
약빠르고 밉다,-1
약빠르지,-1
약빠르지 못하다,-1
약점을,-1
약점을 잡아,-1
약하거나,-1
약하고,-1
약하다,-1
약하면,-1
약하면 피는,-1
약하여,-1
약하여서,-1
약하여져서,-1
약하여지는,-1
약하여지는 병,-1
약하여지는 증상,-1
약하여진 증상,-1
약한,-1
약한 상태에,-1
약한 자는,-1
약해져서,-1
약해지다,-1
약해진,-1
약해진 눈,-1
얄망궂고,-1
얌치없이,-1
얌치없이 태연하다,-1
양기가 부족하여,-1
양기가 허하여,-1
양보하지 아니하다,-1
양보하지 않고,-1
양심에 거리끼어,-1
양심에 벗어나는,-1
양심을 속이다,-1
얕보다,-1
어그러뜨리다,-1
어그러지고,-1
어그러지고 사나운,-1
어그러지다,-1
어긋나,-1
어긋나 있게,-1
어긋나 있다,-1
어긋나게,-1
어긋나고,-1
어긋나고 비뚤어져서,-1
어긋나는,-1
어긋나는 데가,-1
어긋나다,-1
어긋남에도 불구하고,-1
어기다,-1
어두운 빛을,-1
어두운 상태,-1
어두침침하게,-1
어두침침하게 까무스름하다,-1
어두침침하고,-1
어두침침하고 쓸쓸하다,-1
어둑하다,-1
어둡거나,-1
어둡거나 험하여,-1
어둡고,-1
어둡고 침침하다,-1
어둡다,-1
어떤 두려움으로,-1
어떤 병이,-1
어떤 병이나,-1
어떤 약점을,-1
어렴풋하다,-1
어름어름,-1
어름어름 넘기는,-1
어름어름 넘기다,-1
어리둥절하여,-1
어리벙,-1
어리벙벙,-1
어리벙벙하게,-1
어리벙벙하다,-1
어리벙벙하여,-1
어리빙빙하다,-1
어리삥삥하다,-1
어물어물,-1
어물어물 망설이기만,-1
어물어물하다,-1
어색스럽다,-1
어색하거나,-1
어색하거나 거북하거나,-1
어색하고,-1
어색하고 부자연스럽게,-1
어색하고 쑥스럽다,-1
어색하다,-1
어색한,-1
어색한 느낌,-1
어색한 느낌이,-1
어색한 데가,-1
어설프게,-1
어설프고,-1
어설프다,-1
어설프며,-1
어설픈,-1
어설픈 데가,-1
어설픈 듯하다,-1
어설피,-1
어수룩하고,-1
어수룩하고 만만한,-1
어수룩한,-1
어수룩한 데가,-1
어수선하거나,-1
어수선하거나 다보록하다,-1
어수선하게,-1
어수선하게 들떠,-1
어수선하게 들뜨는,-1
어수선하게 떠드는,-1
어수선하게 떠들다,-1
어수선하게 생각함,-1
어수선하게 소란이,-1
어수선하게 움직이며,-1
어수선하게 이야기하다,-1
어수선하게 흩어져,-1
어수선하고,-1
어수선하고 소란스러운,-1
어수선하고 소란스러움,-1
어수선하고 소란스럽다,-1
어수선하고 소홀하게,-1
어수선하고 소홀하다,-1
어수선하고 엉성하다,-1
어수선하다,-1
어수선하여,-1
어수선한,-1
어수선한 모양,-1
어수선함,-1
어울리지 아니하고,-1
어울리지 아니한,-1
어울리지 않거나,-1
어울리지 않게,-1
어울리지 않고,-1
어울리지 않다,-1
어울리지 않아,-1
어울린 맛과 세련됨이 없이,-1
어이가 없거나,-1
어이없다,-1
어이없을,-1
어이없을 때,-1
어이없이,-1
어정쩡히,-1
어중간한,-1
어중간한 모양,-1
어중간한 사람,-1
어중간한 태도,-1
어지간히 시들어,-1
어지러우며,-1
어지러운,-1
어지러운 기운이,-1
어지러운 느낌,-1
어지러운 데가,-1
어지러운 모양,-1
어지러운 상태로,-1
어지러운 상태에,-1
어지러운 자리,-1
어지러울 정도로,-1
어지러워,-1
어지러워서,-1
어지러워지는,-1
어지러워지는 모양,-1
어지럼증,-1
어지럽거나,-1
어지럽게,-1
어지럽게 늘어져,-1
어지럽게 뒤섞여,-1
어지럽게 일어나,-1
어지럽게 하는,-1
어지럽게 하다,-1
어지럽게 흔들거리는,-1
어지럽게 흔들거리다,-1
어지럽게 흩어져,-1
어지럽게 흩어지거나,-1
어지럽게 흩어지다,-1
어지럽고,-1
어지럽다,-1
어지럽도록,-1
어지르다,-1
어집럽게 일어나거나,-1
어찌할 바를 모르는,-1
어찌할 바를 모르다,-1
어찌할 바를 몰라,-1
어찌할 줄 몰라서,-1
어찌할 줄을 몰라,-1
어찔어찔하다,-1
어찔어찔한,-1
어찔어찔한 모양,-1
어처구니없는,-1
어처구니없는 짓,-1
어처구니없다,-1
어처구니없다고,-1
어처구니없이,-1
억세다,-1
억세어,-1
억제하며,-1
억지,-1
억지가,-1
억지가 세어서,-1
억지감,-1
억지로,-1
억지로 가로막아서,-1
억지로 나오게,-1
억지로 들이밀어,-1
억지로 만들다,-1
억지로 빼앗기,-1
억지로 빼앗다,-1
억지로 빼앗아,-1
억지로 쑤시고,-1
억지로 억누름,-1
억지로 억눌리다,-1
억지로 입다,-1
억지로 차지하다,-1
억지로 참거나,-1
억지로 참는,-1
억지로 하는,-1
억지를,-1
억지를 부리거나,-1
억지를 쓰며,-1
억지스러운,-1
억지스러운 느낌,-1
억지스럽다,-1
억척스럽고 세차다,-1
얻어맞을,-1
얻어맞을 때,-1
얻지 못하거나,-1
얻지 못하여,-1
얼굴빛이 누르렀다,-1
얼굴이 꺼칠하고,-1
얼굴이 붉으락푸르락하여지며,-1
얼굴이 붉으락푸르락해지며,-1
얼굴이 야위고,-1
얼굴이 창백하고,-1
얼굴이 창백하여지고,-1
얼기설기하다,-1
얼떨떨하다,-1
얼떨떨하여,-1
얼떨떨한,-1
얼떨떨한 정신,-1
얼떨떨해지다,-1
얼떨떨해하다,-1
얼렁뚱땅하는,-1
얼렁뚱땅하는 수단을,-1
얼렁뚱땅하여,-1
얼룩덜룩하게 된,-1
얼버무리다,-1
얼빠져,-1
얼빠져 보이는,-1
얼빠진,-1
얼빠진 사람처럼,-1
얼얼하다,-1
얼이 빠지다,-1
얼이 빠짐,-1
얽매여서,-1
얽은,-1
얽은 것이나,-1
얽은 자국이,-1
얽히거나,-1
엄격하게 나무라다,-1
엄격하여,-1
엄살을,-1
엄살을 부리는,-1
엄살을 부리며,-1
없다,-1
없어서,-1
없어져,-1
없어지다,-1
없어진,-1
없어짐,-1
없으면서,-1
없음을,-1
없이 가볍게,-1
없이 멋쩍고,-1
엇서며,-1
엇서며 대들다,-1
엉너리로,-1
엉뚱하게,-1
엉뚱하고,-1
엉뚱한,-1
엉뚱한 느낌을,-1
엉뚱한 욕심을,-1
엉뚱한 짓을,-1
엉성하고,-1
엉성하고 거친,-1
엉성하고 조잡하다,-1
엉성하다,-1
엉성한,-1
엉성한 모양,-1
엉성한 물건이,-1
엉큼하게,-1
엉큼하고,-1
엉큼한,-1
엉큼한 마음을,-1
엎어지게,-1
엎어지게 하다,-1
엎어지는,-1
엎어지는 모양,-1
에게 굽실거리다,-1
에게 굽실하다,-1
여기어 탓하거나,-1
여리다,-1
여물지 아니한,-1
여위거나,-1
여위게 된다,-1
여위게 하다,-1
여위고,-1
여위고 쇠약해지는,-1
여위어,-1
여위우다,-1
여윈,-1
여윈 모습을,-1
여윈 사람을,-1
여유 없이,-1
여유가 없다,-1
여유가 없어,-1
여유가 없이,-1
여자를 속되게,-1
여자를 욕하여,-1
역경,-1
역전패,-1
역전패하다,-1
연덕,-1
연민,-1
연민스럽다,-1
연민이나,-1
연민이나 쓰라림,-1
연민하다,-1
연약하게 되다,-1
연줄이 끊어져,-1
열성병,-1
열심히 하지 아니하는,-1
열심히 하지 아니하다,-1
열없다,-1
열없이,-1
열이 나고,-1
열이 나는,-1
열이 나며,-1
열이 높고,-1
열이 높아지는,-1
열이 심하게,-1
열이 자꾸 나며,-1
열증,-1
염증이 생기는,-1
염치 없이,-1
염치가 없다,-1
염치가 없어,-1
염치없이,-1
염치없이 굴다,-1
염치없이 슬그머니,-1
염치없이 태연하게,-1
염탐을 잘못함,-1
엿보거나,-1
영악한,-1
영악한 데가,-1
영양 부족이나,-1
영양 실조,-1
영양실조로,-1
영양이 적고,-1
영영 끊어지다,-1
영영 끊어짐,-1
옆구리가 켕기고,-1
예리하지 못하다,-1
예민하거나,-1
예민하거나 섬약하여,-1
예절을 모르는,-1
오그라들다,-1
오는 위기적,-1
오답,-1
오도하다,-1
오래되거나,-1
오르지 못하던,-1
오스스 소름이,-1
오슬오슬하다,-1
오싹,-1
오싹거리다,-1
오싹대다,-1
오싹오싹하다,-1
오싹하다,-1
오염,-1
오용하다,-1
오크,-1
오한,-1
오한과,-1
오한이,-1
오한이 난다,-1
오한이 생기거나,-1
오해,-1
오해하다,-1
옥신각신하며,-1
옥신각신하며 다투는,-1
옥신각신하며 다투다,-1
온갖 요망한,-1
온몸이 노곤하여,-1
온몸이 붓고,-1
온순하지 못하고,-1
온순하지 못하여,-1
온통 소란해지거나,-1
올곧지 아니하여,-1
올바르지 못하고,-1
올바르지 않거나,-1
옭아 묶다,-1
옭아 묶음,-1
옮아,-1
완성하지 못하다,-1
완전하지 못하고,-1
완전하지 못하여,-1
외로운,-1
외로운 감정,-1
외로운 베개라는,-1
외로운 베개와,-1
외로운 잠자리를,-1
외로워,-1
외로워 슬퍼지다,-1
외로워 슬프게,-1
외로워 슬프다,-1
외로워하다,-1
외로이,-1
외롭거나,-1
외롭거나 쓸쓸하게,-1
외롭다,-1
외설스러운,-1
요란스러운,-1
요란스러운 모양,-1
요란스럽게,-1
요란스럽게 닦달하거나,-1
요란스럽게 떠드는,-1
요란스럽게 울리는,-1
요란스럽게 터지는,-1
요란하게,-1
요란하게 떠들고,-1
요란하게 울리는,-1
요란하고,-1
요란하고 사납던,-1
요란하다,-1
요량 없이 경솔하다,-1
요량 없이 경솔한,-1
요리조리 빼면서,-1
욕심,-1
욕심 따위가,-1
욕심껏,-1
욕심껏 먹어,-1
욕심껏 탐내어,-1
욕심꾸러기,-1
욕심부리다,-1
욕심스럽다,-1
욕심에 사로잡히다,-1
욕심에 사로잡힌,-1
욕심을,-1
욕심을 부려,-1
욕심을 품고,-1
욕심이,-1
욕심이 나서,-1
욕심이 드러나는,-1
욕심이 많고,-1
욕심이 많은,-1
욕심쟁이,-1
욕지기가 나서,-1
용도대로 쓰이지 못하고,-1
우그러져,-1
우그러지게,-1
우그러지게 하다,-1
우그러지고,-1
우그러지고 쭈그러들게,-1
우그러지고 쭈그러듦,-1
우기거나,-1
우기는,-1
우기는 모양,-1
우기다,-1
우는,-1
우는 모양,-1
우는 소리,-1
우는 소리가,-1
우락부락하고 거칠거나,-1
우물거리며,-1
우물거림,-1
우물우물하며,-1
우물우물하며 넘기려고,-1
우물쭈물하는,-1
우물쭈물하는 모양,-1
우물쭈물하다,-1
우스꽝스럽다,-1
우스꽝스레,-1
우스운,-1
우스운 데가,-1
우습게,-1
우습고,-1
우습고 싱거운,-1
우습다,-1
우유부단하다,-1
우직스럽게,-1
우직스럽게 계속,-1
우직하고,-1
우치,-1
운동 장애가,-1
운치가 없다,-1
운치가 없음,-1
울고 싶다,-1
울렁거리는,-1
울렁거리는 모양,-1
울렁거리다,-1
울렁대다,-1
울보,-1
움직이지 못하는,-1
움직일 수 없는,-1
움질대다,-1
움츠러드는,-1
움츠러드는 데가,-1
움츠러드는 모양,-1
움츠러들거나,-1
움츠러들거나 소름이,-1
움츠리는,-1
움츠리는 모양,-1
움츠리다,-1
움츠린다는,-1
움츠린다는 뜻으로,-1
움츠림을,-1
움츠림을 비유적으로,-1
웃음거리로 만들다,-1
원대하다,-1
원만하지 않고,-1
원인 불명의,-1
원하는 것을 가지지 못하여,-1
원하지 않는,-1
위급한,-1
위급한 증상,-1
위기,-1
위기적,-1
위기적 의식,-1
위반되어,-1
위반한,-1
위반한 자를,-1
위배하다,-1
위법,-1
위법 행위,-1
위조,-1
위조하거나,-1
위조하다,-1
위조함으로써,-1
위축,-1
위축감,-1
위축되다,-1
위태로운,-1
위태로운 모양,-1
위태로움을,-1
위태로움을 느껴,-1
위태롭거나,-1
위태롭거나 치사하고,-1
위태롭게,-1
위태롭게 매달려,-1
위태롭다,-1
위태하여,-1
윗사람에게 고자질함,-1
윗사람을 농락하여,-1
윗사람을 비판함,-1
유감,-1
유감스러운,-1
유감스럽다,-1
유들유들한,-1
유들유들한 모양,-1
유지하지 못하게,-1
유치하다,-1
유쾌하지 못하게,-1
유쾌하지 못한,-1
육중하고 무디다,-1
윤기 없이,-1
윤기가 없고,-1
윤기가 없어,-1
윤기가 없이,-1
으름장을,-1
으름장을 놓거나,-1
으스스,-1
으시시,-1
은근히 귀찮게,-1
은근히 허전하고,-1
은혜도 모르는,-1
을 굽실거리다,-1
을 굽실하다,-1
을 마음대로 다루면서 데리고 놀다,-1
음란하고,-1
음산하고,-1
음식이 변하거나,-1
음식이 체하여,-1
음침하다,-1
음흉한 방법으로,-1
응석을,-1
응석을 부리며,-1
응어리진,-1
응어리진 마음,-1
응하지 아니하고,-1
의기소침,-1
의기소침하다,-1
의기저상,-1
의기저상하다,-1
의도에서 벗어나,-1
의도적으로 꼬집거나,-1
의사와 관계없이,-1
의심,-1
의심나다,-1
의심되다,-1
의심스럽거나,-1
의심스럽고,-1
의심스럽고 이상하게,-1
의심스럽고 이상하다,-1
의심스럽다,-1
의심쩍다,-1
의심하는,-1
의심하는 마음이,-1
의심하다,-1
의아스러운,-1
의아스러운 일을,-1
의아심,-1
의아하다,-1
의존성이,-1
의존성이 생겨,-1
의지가 없이,-1
의지할 곳도 없음,-1
의지할 곳이 없다,-1
의지할 곳이 없어,-1
의지할 곳이 없어진,-1
의지할 곳이 없이,-1
의지할 곳조차 없다,-1
의회,-1
의회하다,-1
이간질하다,-1
이기지 못하고,-1
이득이 없이,-1
이랬다저랬다,-1
이러저리 기울어지며,-1
이러저리 자꾸,-1
이러지도 저러지도 못하고,-1
이루지 못하다,-1
이루지 못함,-1
이르지 못하거나,-1
이르지 못하다,-1
이르지 못함을,-1
이를 갈다,-1
이리저리 궁리만,-1
이리저리 망설이는,-1
이리저리 어지럽게,-1
이리저리 얽혀서,-1
이리저리 자꾸,-1
이리저리 트집을,-1
이리저리 헛디디는,-1
이리저리 헛디디다,-1
이리저리 헤매는,-1
이리저리 휩쓸리는,-1
이리저리로 빈정거리다,-1
이뭐병,-1
이별하다,-1
이상이 생겨,-1
이상이나 장애로,-1
이상하게,-1
이상하게 여기는,-1
이상하다,-1
이야기하다,-1
이용하는 짓을,-1
이이없다,-1
이익이 되지 아니하고,-1
이치에 닿지 않다,-1
이치에 어긋나,-1
이해의 대립으로,-1
이해하기 어려운,-1
이해하지 못하는,-1
이혼을,-1
이혼을 하고,-1
익살바르다,-1
익숙지 못하고,-1
익숙하지 못하고,-1
익숙하지 못하여,-1
익지 아니하다,-1
익지 아니하여서,-1
익혀지지 못하다,-1
익히지 못하다,-1
익히지 못한,-1
익히지 못한 사람,-1
익히지 못함,-1
인색하게,-1
인정이 없게,-1
인정이 없는,-1
인정이 없이,-1
인정하지 않고,-1
일러바치다,-1
일류,-1
일방적으로,-1
일부러,-1
일부를 다치다,-1
일부를 빼앗아,-1
일어나는 화,-1
일에 매여,-1
일에 실패하거나,-1
일에 훼방을,-1
일을 간섭하고,-1
일을 대강대강,-1
일을 무리하게,-1
일을 훼방,-1
일이 꼬이거나,-1
일이 난처하거나,-1
일이 물리거나,-1
일이 어그러지다,-1
일진,-1
일찍 죽다,-1
일치하지 않다,-1
일하기를 꺼리어,-1
일하기를 싫어하는,-1
일하기를 싫어하여,-1
잃거나,-1
잃거나 없애다,-1
잃게,-1
잃게 하거나,-1
잃게 하다,-1
잃다,-1
잃어 섭섭하거나,-1
잃어 스러져,-1
잃어버리다,-1
잃었다,-1
잃은,-1
잃은 느낌,-1
잃은 상태로,-1
잃을,-1
잃을 정도로,-1
임신구토,-1
임질,-1
입 안이 마르고,-1
입맛을 잃다,-1
입맛이 떨어지고,-1
입맛이 없다,-1
입맛이 없어지고,-1
입맛이 없으며,-1
입속으로 지껄이다,-1
입을 가볍게,-1
입을 나불거리며,-1
입을 너불거리며,-1
입을 삐쭉이는,-1
입을 삐쭉이다,-1
입을 함부로,-1
입이 쓰며,-1
입힌 손상이나,-1
잇따라 게우는,-1
잇따라 귀찮게,-1
잇따라 맥없이,-1
잇따라 쑤시다,-1
잇따라 울다,-1
잇따라 지껄이다,-1
잇따라 힘없이,-1
잇몸이 붓고,-1
잇지 못할,-1
잉여,-1
ㅈㄹ,-1
ㅈㅅ,-1
자격을 박탈하여,-1
자격이 박탈되어,-1
자격이 없는,-1
자궁 탈출증,-1
자기중심적,-1
자기하다,-1
자꾸 가쁘고,-1
자꾸 간섭하거나,-1
자꾸 거만하게,-1
자꾸 건성으로,-1
자꾸 걸리다,-1
자꾸 군소리를,-1
자꾸 굼뜨게,-1
자꾸 근질근질하다,-1
자꾸 까다롭게,-1
자꾸 까다롭고,-1
자꾸 까부는,-1
자꾸 까불거나,-1
자꾸 까불다,-1
자꾸 까불며,-1
자꾸 까불어,-1
자꾸 꼬물거리는,-1
자꾸 꾀거나,-1
자꾸 너불거리며,-1
자꾸 놀라는,-1
자꾸 놀리는,-1
자꾸 놀리다,-1
자꾸 능글맞게,-1
자꾸 능청스럽게,-1
자꾸 다투거나,-1
자꾸 다투는,-1
자꾸 다투다,-1
자꾸 덤비다,-1
자꾸 되지못한,-1
자꾸 들볶거나,-1
자꾸 따끔하게,-1
자꾸 떠드는,-1
자꾸 떠들거나,-1
자꾸 떠들다,-1
자꾸 떠들어,-1
자꾸 뜨끔하게,-1
자꾸 마지못하여,-1
자꾸 막히다,-1
자꾸 말대꾸하다,-1
자꾸 망설이는,-1
자꾸 망설이며,-1
자꾸 맥없이,-1
자꾸 머뭇거리게,-1
자꾸 머뭇거리는,-1
자꾸 머뭇거리다,-1
자꾸 머뭇거리며,-1
자꾸 머뭇머뭇하는,-1
자꾸 머뭇하다,-1
자꾸 무섭고,-1
자꾸 미루거나,-1
자꾸 방정맞게,-1
자꾸 방해가,-1
자꾸 버릇없게,-1
자꾸 버릇없이,-1
자꾸 보채거나,-1
자꾸 볼품없이,-1
자꾸 불안하게,-1
자꾸 비틀거리는,-1
자꾸 빈둥거리는,-1
자꾸 성가시게,-1
자꾸 성을,-1
자꾸 시근시근하다,-1
자꾸 시끄럽게,-1
자꾸 시큰둥한,-1
자꾸 신경질적으로,-1
자꾸 쑤시는,-1
자꾸 쑤시다,-1
자꾸 쓰러지거나,-1
자꾸 쓰러질,-1
자꾸 아프다,-1
자꾸 앓는,-1
자꾸 앓다,-1
자꾸 애쓰는,-1
자꾸 애쓰다,-1
자꾸 어색하다,-1
자꾸 어수선하게,-1
자꾸 어지럽게,-1
자꾸 얻어맞을,-1
자꾸 엿보거나,-1
자꾸 요란스럽게,-1
자꾸 우기거나,-1
자꾸 우기는,-1
자꾸 우는,-1
자꾸 우물쭈물하다,-1
자꾸 움직이는,-1
자꾸 움직이다,-1
자꾸 자린,-1
자꾸 자빠지다,-1
자꾸 저는,-1
자꾸 저리다,-1
자꾸 저린,-1
자꾸 절다,-1
자꾸 조르거나,-1
자꾸 주저주저하거나,-1
자꾸 주저주저하며,-1
자꾸 주책없이,-1
자꾸 지껄이는,-1
자꾸 지껄이다,-1
자꾸 짖궂게,-1
자꾸 짜증을,-1
자꾸 쩔쩔매거나,-1
자꾸 참견하다,-1
자꾸 처지는,-1
자꾸 치밀어,-1
자꾸 치사하고,-1
자꾸 토하려고,-1
자꾸 토할,-1
자꾸 피하는,-1
자꾸 헤매다,-1
자꾸 헷갈리어,-1
자꾸 화를,-1
자꾸 흐려지다,-1
자꾸 흔들리다,-1
자꾸 흘리다,-1
자꾸 힘없이,-1
자라지 못하고,-1
자리다,-1
자리자라한,-1
자리자리한,-1
자리자리한 느낌,-1
자리자리한 느낌이,-1
자린,-1
자린 느낌,-1
자린 느낌이,-1
자린 듯하다,-1
자린 듯한,-1
자린한 느낌,-1
자릿자릿하다,-1
자릿한,-1
자릿한 느낌,-1
자빠지거나,-1
자빠지는,-1
자빠지는 모양,-1
자빠지다,-1
자송,-1
자송하다,-1
자신의 결함이나,-1
자신의 이익만을,-1
자연스럽지 못하게,-1
자연스럽지 아니하게,-1
자연스럽지 아니하다,-1
자연스럽지 않다,-1
자유가 제한되거나,-1
자유를 침해함으로써,-1
자제력을 잃다,-1
자제력을 잃어,-1
자주 앓다,-1
자증을 내며,-1
자지 못하는,-1
자지러지도록,-1
자지러지도록 꼴로,-1
자지러질,-1
자질구레한,-1
자질구레한 것까지,-1
자책,-1
자책하다,-1
자포자기,-1
자포자기하다,-1
자포하다,-1
자해하다,-1
작붕,-1
잔꾀로,-1
잔뜩 벼르다,-1
잔부끄러움,-1
잔소리,-1
잔소리나,-1
잔소리나 푸념을,-1
잔소리를,-1
잔소리를 하거나,-1
잘 떠벌리다,-1
잘 모르거나,-1
잘 몰라서,-1
잘 안될까,-1
잘난 체,-1
잘난 체하거나,-1
잘난 체하고,-1
잘난 체하는,-1
잘난 체하다,-1
잘난 체하며,-1
잘난 체하여,-1
잘되지 못하도록,-1
잘되지 아니하고,-1
잘망스럽게,-1
잘못 기입함,-1
잘못된 일이,-1
잘아지고,-1
잡아 뜯거나,-1
잡지 못하게,-1
잡지 못하는 상태로,-1
잡지 못하다,-1
장난삼아,-1
장난삼아 하는,-1
장난스럽게,-1
장난이 심하고,-1
재난을,-1
재난을 이르는,-1
재물을 가로채서,-1
재물을 탐내어,-1
재물을 탐하는,-1
재미가 없게,-1
재미가 없다,-1
재미없다,-1
재발하거나,-1
재산 범죄,-1
재주가 무디다,-1
재촉하다,-1
재촉하여,-1
재촉하여 몰아대다,-1
잴뚝대다,-1
저급,-1
저급하다,-1
저는,-1
저는 모양,-1
저리거나,-1
저리거나 아픈,-1
저리고,-1
저리다,-1
저린,-1
저린 느낌,-1
저린 느낌이,-1
저린 듯하다,-1
저린 듯한,-1
저릿한,-1
저릿한 느낌,-1
저절로 무너짐,-1
저지른,-1
저지른 일,-1
저지른 잘못에,-1
저지른 죄과나,-1
저품질,-1
저하되다,-1
저하시키다,-1
적당하지 아니하게,-1
적용하기에 어려운,-1
적의 앞잡이,-1
전부 게워,-1
전염병,-1
전혀 모르거나,-1
전혀 없는,-1
절거나,-1
절다,-1
절며,-1
절며 걷는,-1
절며 걷다,-1
절면서,-1
절면서 걷는,-1
절면서 걷다,-1
절박하다,-1
절절매다,-1
점잖지 못하거나,-1
점잖지 못하게,-1
점잖지 못한,-1
점잖지 않다,-1
점점 긴장되다,-1
정기가 없이,-1
정도가 심하거나,-1
정도가 심하게,-1
정도가 지나쳐서,-1
정도가 지나친,-1
정도에 넘침,-1
정밀하지 못하고,-1
정상을 벗어난,-1
정신 분열병과,-1
정신병 환자,-1
정신없다,-1
정신없이,-1
정신을 어지럽게,-1
정신을 잃는,-1
정신을 잃을,-1
정신의 이상이나,-1
정신이 까무러질,-1
정신이 나가거나,-1
정신이 나간 것처럼,-1
정신이 멍하고,-1
정신이 아득하고,-1
정신이 아찔하여,-1
정신이 어리벙벙하여,-1
정신이 어지럽게,-1
정신이 어지럽다,-1
정신이 어지럽도록,-1
정신이 얼떨떨하여,-1
정신이 없고,-1
정신이 혼미해지고,-1
정신이 흐려서,-1
정신이 흐려져,-1
정신이 흐려지고,-1
정신이 흐려진다,-1
정신이 흐리고,-1
정신이 흐릿하여,-1
정을 끊고,-1
정이 버성기어,-1
정이 없고,-1
정이 없이,-1
정조를 빼앗겨,-1
정조를 지키지 아니하다,-1
정직하지 못한,-1
정처 없이,-1
정함이 없이,-1
정해지지 못하고,-1
제 마음대로,-1
제 분수를 잊어버리고,-1
제격에 맞지 않고,-1
제대로 하지 아니하다,-1
제맛이 나지 아니하고,-1
제맛이 나지 않고,-1
제멋대로,-1
제멋대로 날아가다,-1
제멋대로 내버려지다,-1
제멋대로 움직이거나,-1
제정신을 잃고,-1
제정신을 차리지 못하게,-1
제쳐 놓고,-1
제한되거나,-1
제힘에 겨운,-1
제힘에 겨운 일에,-1
져서,-1
조금 거만스럽게,-1
조금 굼뜨고,-1
조금 까다롭게,-1
조금 까불며,-1
조금 다침,-1
조금 답답할,-1
조금 되바라지게,-1
조금 떠들썩하게,-1
조금 머뭇거리거나,-1
조금 머뭇머뭇하거나,-1
조금 모자란,-1
조금 비뚤어져,-1
조금 소란스럽게,-1
조금 수선스럽게,-1
조금 수선스럽다,-1
조금 시들하다,-1
조금 쓴,-1
조금 아둔하고,-1
조금 안타깝게,-1
조금 약빠르고,-1
조금 어지러운,-1
조금 어지럽게,-1
조금 염치없이,-1
조금 요란하게,-1
조금 우그러져,-1
조금 우악스럽게,-1
조금 우직하고,-1
조금 위태롭게,-1
조금 자린,-1
조금 짖궂은,-1
조금 천박하게,-1
조금 치사하고,-1
조금 타분하다,-1
조금 투덜거리는,-1
조금 투덜거리다,-1
조금 틀어진,-1
조금 희미해져서,-1
조금 힘없이,-1
조금만 앓아도,-1
조금씩 쓰리며,-1
조급하게,-1
조급하게 구는,-1
조급하게 볶아치는,-1
조급하게 볶아치다,-1
조급하여,-1
조급한,-1
조급한 마음으로,-1
조급해지고,-1
조롱하거나,-1
조롱하다,-1
조르거나,-1
조르는,-1
조르는 데가,-1
조르는 모양,-1
조마조마하게,-1
조마조마하게 지내다,-1
조마조마하다,-1
조마조마하여,-1
조마조마한,-1
조마조마한 느낌,-1
조마조마한 모양,-1
조마조마함,-1
조바심,-1
조바심이,-1
조바심이 나거나,-1
조바심이 나다,-1
조바심이 나서,-1
조바심하며,-1
조바심하며 자는,-1
조바심하며 자다,-1
조심성 없이,-1
조심성이 없고,-1
조심스럽지 못하고,-1
조심스럽지 아니하고,-1
조심스럽지 않은,-1
조심하다,-1
조심함,-1
조여들다,-1
조용히 우는,-1
조잡하다,-1
조잡한,-1
조직의 괴사가,-1
조직이 썩는,-1
존망,-1
존멸,-1
존멸하다,-1
졸아들고,-1
졸이는 마음,-1
졸임,-1
좀 거친,-1
좀 괴이쩍게,-1
좀 답답하거나,-1
좀 뚝뚝하고,-1
좀 막히는,-1
좀 막히다,-1
좀 성기게,-1
좀 안타깝거나,-1
좀 어색하고,-1
좀도둑,-1
좀스럽게 못된,-1
좀스럽게 부산을,-1
좀이 생긴,-1
좁은 소견으로,-1
종기가,-1
종기가 나는,-1
종말,-1
종알거리거나,-1
종알종알 군소리를,-1
종이 되다,-1
좆다,-1
좆심,-1
좌빨,-1
좌좀,-1
죄를 다시,-1
죄송히,-1
죄어 오그라들다,-1
죄어들거나,-1
죄어들다,-1
죄어서,-1
죄어서 몰아치다,-1
죄어치다,-1
죄이거나,-1
죄이거나 타들어,-1
주견이 없이,-1
주눅 들게,-1
주눅이 들다,-1
주로 잘못하다가는,-1
주로 잘못하면,-1
주름이 쭈글쭈글,-1
주색에 빠져,-1
주의하게,-1
주의하게 함,-1
주의하지 아니하고,-1
주작,-1
주저앉거나,-1
주저앉거나 자빠지는,-1
주저앉다,-1
주저주저하거나,-1
주저주저하는,-1
주저주저하는 모양,-1
주저주저하다,-1
주저하는,-1
주저하는 모양,-1
주저하다,-1
주저하며 머뭇거리다,-1
주제넘게,-1
주책없다,-1
주책없이 능청맞고,-1
주책없이 달랑거리며,-1
주춤,-1
주춤거리다,-1
주춤대다,-1
주춤병,-1
주춤주춤,-1
죽게,-1
죽게 된다,-1
죽게 될,-1
죽게 하다,-1
죽기로,-1
죽기로 결심하고,-1
죽기를 바라는,-1
죽기만을,-1
죽기만을 기다린다는,-1
죽는,-1
죽는 일,-1
죽는 일이,-1
죽는 현상,-1
죽는다는 뜻으로,-1
죽다,-1
죽어서,-1
죽었을,-1
죽었을 때의,-1
죽여서,-1
죽여서 묻음,-1
죽은,-1
죽은 모양,-1
죽은 상태이다,-1
죽은 피,-1
죽을맛,-1
죽음,-1
죽음에,-1
죽음에 이르게,-1
죽음을,-1
죽음을 이르는,-1
죽이는,-1
죽이는 일,-1
죽이다,-1
죽임을,-1
죽임을 당하거나,-1
줄어들거나,-1
줄어들거나 닳아,-1
중간에서 어그러뜨리다,-1
중단하다,-1
중독,-1
중심을 잃고,-1
중얼거리는,-1
중얼거리는 모양,-1
중풍과,-1
지경,-1
지근대다,-1
지긋지긋하고,-1
지긋지긋하고 진절머리,-1
지껄이는,-1
지껄이는 말을,-1
지껄이는 모양,-1
지껄이는 소리,-1
지껄이다,-1
지껄이며,-1
지나치거나,-1
지나치게,-1
지나치게 민감하다,-1
지나치게 벗어나다,-1
지나치게 심하다,-1
지나치게 탐하는,-1
지나치다,-1
지나친 데가,-1
지능이 부족하여,-1
지다,-1
지독한,-1
지루,-1
지루하게,-1
지루하고,-1
지루하고 싫다,-1
지루하다,-1
지루하여,-1
지루한,-1
지루한 시합이나,-1
지루해져서,-1
지르는 고함,-1
지못미,-1
지방의 불량배가,-1
지속되지 아니하고,-1
지위가 낮아지거나,-1
지위가 낮은,-1
지지,-1
지쳐,-1
지쳐 있음을,-1
지쳐 피곤하다,-1
지쳐 피곤함,-1
지쳐 힘들다,-1
지쳐서,-1
지치거나,-1
지치고,-1
지친,-1
지켜지지 않고,-1
지키지 못하고,-1
지키지 못하여,-1
지키지 않고,-1
지키지 않은,-1
진득하기 못하게,-1
진득하지 못하게,-1
진득하지 못하다,-1
진물,-1
진물 따위가,-1
진물이,-1
진물이 괴어,-1
진물이 나오면서,-1
진물이 나와,-1
진물이 많이 나오면서,-1
진중하지 못한,-1
진지충,-1
진집을,-1
진집을 내는,-1
진집을 내다,-1
진행되는 병,-1
질겁,-1
질겁하다,-1
질리다,-1
질림,-1
질병을,-1
질서가 없는,-1
질서가 없다,-1
질식시키거나,-1
질질 끌다,-1
질질 울고,-1
질질거리다,-1
질투,-1
질투로,-1
질투심,-1
질투하다,-1
질환의,-1
질환의 하나,-1
짐,-1
짐승을 죽이다,-1
집도 없음을,-1
집이 허술하여서,-1
짓눌러,-1
짓눌러서,-1
짓무르고,-1
짓무르다,-1
짓물러,-1
짓물러 아픈,-1
짓밟는,-1
짓밟는 모양,-1
짓밟다,-1
징그러운,-1
징그러울,-1
징그러울 때,-1
징그럽다,-1
징얼거리다,-1
징얼징얼,-1
징얼징얼하다,-1
징징거리다,-1
징징대다,-1
징징하다,-1
ㅉㅉ,-1
짜그라트리다,-1
짜르르대다,-1
짜이지 못하고,-1
짜증나다,-1
짜지다,-1
짝녀,-1
짤뚜룩대다,-1
짧다,-1
짭짭대다,-1
쪼들려서,-1
쭈그러들게,-1
쭈그러들게 되다,-1
쭈그러들다,-1
쭈그러듦,-1
쭈그러져,-1
쭈그러져 작아지다,-1
쭈그렁이,-1
쭈글쭈글한,-1
쭈글쭈글한 늙은이를,-1
찌그러져,-1
찌그러트리다,-1
찌꺼기,-1
찌꺼기 따위가,-1
찌들고,-1
찌르듯이,-1
찌푸리는,-1
찌푸리는 모양,-1
찐따,-1
찔찔대다,-1
찡그리다,-1
찡찡대다,-1
찡찡이,-1
찡찡한,-1
찡찡한 사람을,-1
찢어져,-1
찢어져 어지럽게,-1
찢어진,-1
찢어진 곳을,-1
차가운 듯하다,-1
차가움을,-1
차가움을 느낄,-1
차거나 싫은,-1
차리지 못하고,-1
차마,-1
차분하지 못하고,-1
차분하지 못하여,-1
차분하지 않은,-1
차지 아니하여,-1
차지 아니하여서,-1
차지 않아,-1
착취하여,-1
착하지 않음을,-1
착한 체함을,-1
찬 기운과,-1
찬 느낌이,-1
찬 태도로,-1
찬찬하지 못하거나,-1
찬찬하지 못하고,-1
참거나,-1
참견하는,-1
참견하는 모양,-1
참견하는 짓을,-1
참견하다,-1
참견하여,-1
참견하여 나서다,-1
참기 어려울,-1
참다못한,-1
참다못해,-1
참담하다,-1
참을 수 없다,-1
참을 수가 없어서,-1
참을성이 없어,-1
참지 못하고,-1
창렬,-1
창렬스러운,-1
창렬이네,-1
창백한,-1
창백한 얼굴을,-1
창조성이 없이,-1
채신없이 거볍게,-1
책임 죄를,-1
책임을 회피하려고,-1
처리하지 않고,-1
처지는,-1
처지는 모양,-1
처참히,-1
천박하다,-1
천박한,-1
천식,-1
천식 따위로,-1
천천히 부자연스럽게,-1
천하고,-1
천하다,-1
천하의 폭군을,-1
천한,-1
천한 사람,-1
천한 사람을,-1
천한 일을,-1
철없는,-1
철없는 아이가,-1
철컹철컹,-1
체하며 시치미를,-1
체하여,-1
체한 채로,-1
쳐들어가거나,-1
쳐들어오다,-1
쳐들어옴,-1
쳐부수는,-1
쳐부수는 일,-1
초조,-1
초조하고,-1
초조하고 불안하다,-1
초조하고 불안하여,-1
초조하고 안타깝다,-1
초조하다,-1
초조한,-1
초조한 모양,-1
초조해지고,-1
촌스러운,-1
촌스럽고,-1
촌스럽다,-1
촐랑거리며,-1
촐싹대다,-1
최절,-1
추궁을,-1
추운,-1
추운 듯하다,-1
추워서,-1
추워서 갑자기,-1
추위,-1
축 늘어져,-1
축 처지거나,-1
축냄,-1
출혈,-1
출혈 때에,-1
출혈이 심하여,-1
출혈하기 쉬운,-1
춥거나,-1
춥거나 무섭거나,-1
충격,-1
충격 따위가,-1
충격으로,-1
충격을,-1
충격을 받아,-1
충격을 받아서,-1
충격을 받았을,-1
충격이 커서,-1
충공깽,-1
충동적,-1
충치가,-1
충치가 되는,-1
치료가 잘못되었을,-1
치매가,-1
치미는 모양,-1
치밀어,-1
치밀어 오르는,-1
치밀어 오르다,-1
치우치게,-1
치우치게 사랑함,-1
치적이 좋지 못한,-1
치통,-1
칙칙하다,-1
칙칙한,-1
칙칙함,-1
친하지 아니하여,-1
친한 체하면서,-1
칠칠하지 못하다,-1
침을 뱉듯이,-1
침을 뱉어,-1
침착하지 못하거나,-1
침착하지 못하게,-1
침착하지 못하고,-1
침착하지 못하여,-1
침체되다,-1
침침하다,-1
침침한,-1
침침한 모양,-1
침침해지다,-1
침해당거나,-1
침해당한,-1
침해당한 사람이,-1
침해당할,-1
침해당할 염려가,-1
침해한,-1
캄캄한,-1
캄캄한 방에서,-1
컴컴하다,-1
컹스,-1
코를 골다,-1
코에 종기가,-1
코와이네,-1
콜록콜록하는,-1
쿨룩대다,-1
쿨룽대다,-1
크거나 무겁거나,-1
크게 움츠러드는,-1
타들어,-1
타들어 가는,-1
탈,-1
탈 따위가,-1
탈영,-1
탈음증,-1
탈이,-1
탈이 나서,-1
탈이 생겨서,-1
탈이 생기다,-1
탈진,-1
탈진하다,-1
탐관오리가,-1
탐내거나,-1
탐내는 마음으로,-1
탐내어,-1
탐내어 가지려고,-1
탐묵,-1
탐묵하다,-1
탐욕스러워진다는,-1
탐하는,-1
탐하는 마음,-1
탐하는 마음을,-1
탐하는 일,-1
탐하는 짓,-1
탐하다,-1
탐하여,-1
탓하거나,-1
탓하다,-1
탕진잼,-1
태도가 거만하고,-1
태도가 괴상하고,-1
태도나 버릇,-1
태업,-1
태우다,-1
태우며 조급하게,-1
태움,-1
터무니없이 없어지거나,-1
텁텁하게,-1
텁텁하다,-1
텁텁하여,-1
텁텁한,-1
텁텁한 모양,-1
토끼다,-1
토달거리는,-1
토달거리는 모양,-1
토달거리다,-1
토라져,-1
토라져 있다,-1
토라져서,-1
토라지는,-1
토라지는 사람을,-1
토라지다,-1
토역질하다,-1
토하고,-1
토하고 싶은,-1
토하는,-1
토하는 증상,-1
토하는 증세,-1
토하다,-1
토하려고,-1
토하려고 하다,-1
토할,-1
토할 것,-1
토할 듯한,-1
토할 때,-1
통원하다,-1
통증,-1
통증을,-1
통증을 느끼는,-1
통하지 못하게,-1
통하지 못하여,-1
통하지 못한,-1
통하지 아니하다,-1
통하지 않고,-1
투덜거리는,-1
투덜거리는 모양,-1
투덜거리다,-1
투덜대는,-1
투덜대는 모양,-1
투덜대다,-1
투박하다,-1
투박한,-1
투박한 모양,-1
퉁퉁하게,-1
퉁퉁하게 살이,-1
퉁퉁하다,-1
트롤,-1
트집 잡다,-1
트집을,-1
트집을 잡다,-1
트집을 잡아,-1
트집을 잡으며,-1
트집을 잡히어,-1
트집이나,-1
특별하지 아니하다,-1
특이하여 우습게,-1
특이하여 우습다,-1
튼튼하지 못하고,-1
튼튼하지 못하다,-1
튼튼하지 못하여,-1
틀딱,-1
틀딱충,-1
틀리거나,-1
틀리다,-1
틀린,-1
틀어지게 하다,-1
틀어지다,-1
틀어진,-1
틀어진 마음으로,-1
티격태격하는,-1
티격태격하는 것을,-1
파괴되어,-1
파괴되어 멸망되다,-1
파괴되어 멸망함,-1
파괴와,-1
파괴하다,-1
파괴하여,-1
파괴하여 멸망시키다,-1
파오후,-1
파오후 쿰척쿰척,-1
파출하다,-1
판단력을 잃다,-1
판단하지 못하는,-1
팔다리가 붓고,-1
팔다리가 쑤시고,-1
팔팔 뛰는,-1
팔팔 뛰다,-1
팔한 지옥의,-1
패가망신한다는,-1
패배,-1
패배 따위의,-1
패배를 거듭한다는,-1
패하고,-1
패하고 난,-1
패하다,-1
팽개치다,-1
펄펄 뛰는,-1
펴지 못하거나,-1
펴지 못하게,-1
펴지 못하는,-1
펴지 못하다,-1
펴지 못함,-1
펴지지 못하고,-1
편안하지 못하여,-1
편안하지 아니하여서,-1
편애,-1
편애하다,-1
포기,-1
포기하고,-1
포기하고 돌아보지,-1
포기하다,-1
포살되다,-1
포악하며,-1
포악하며 드센,-1
포악한,-1
포악한 성질,-1
포학한,-1
폭 주저앉다,-1
폭력으로,-1
폭력을,-1
폭력을 써서,-1
폭력을 쓰면서,-1
폭력적,-1
폭행,-1
폭행이나,-1
폭행이나 위협을,-1
폭행하다,-1
표리부동한,-1
표리부동한 사람을,-1
표정을 꾸며서,-1
푹 쓰러져,-1
푹 주저앉는,-1
풀기가 빠져,-1
풀리지 않다,-1
풀리지 않아,-1
풀어지지 아니하여서,-1
풀이 꺾이거나,-1
풀이 죽게,-1
풀이 죽은,-1
풀이 죽음,-1
품행이 천박하고,-1
피가,-1
피가 나고,-1
피가 부족한,-1
피가 섞인,-1
피고름이,-1
피곤을,-1
피곤을 느끼는,-1
피곤이나,-1
피곤하거나,-1
피곤하다,-1
피곤함,-1
피난함,-1
피로 따위가,-1
피로감,-1
피로를,-1
피로를 느끼고,-1
피로하여,-1
피부염,-1
피어나지 못하고,-1
피핍하다,-1
피하거나,-1
피하는,-1
피하는 모양,-1
피해,-1
필요 없이,-1
필요가 없이,-1
필요하거나 아쉽다,-1
필요한 상태에,-1
핏기가 없고,-1
핏기가 없는,-1
핏기가 없다,-1
핏기가 없이,-1
하기가 까다로워,-1
하기가 어렵다,-1
하나하나 어수선하게,-1
하는 둥,-1
하는 둥 마는 둥,-1
하는 지경,-1
하등으로 깎아내리다,-1
하릴없이 굶는,-1
하잘것없다,-1
하지 못하게,-1
하지 아니하다,-1
하지 않고,-1
하지 않는,-1
하지 않다,-1
학대받다,-1
학대하다,-1
한계,-1
한마디로 거절하거나,-1
한숨,-1
한숨 따위를,-1
한숨 쉬며,-1
한숨을,-1
한숨을 쉬거나,-1
한숨을 쉬다,-1
한숨을 쉬며,-1
한숨을 쉼,-1
한숨이나,-1
한숨짓다,-1
한심하다,-1
한심한,-1
한증,-1
한쪽만을 치우치게,-1
한쪽으로 기울어지거나,-1
함부로,-1
함부로 까불거나,-1
함부로 날뛰다,-1
함부로 때리는,-1
함부로 마구,-1
함부로 발길질을,-1
함부로 쓰거나,-1
함부로 잡아다거,-1
함부로 풀다,-1
함정,-1
항거를,-1
항거를 함,-1
항문이 간지럽고,-1
항의하여,-1
항의하여 나서다,-1
해고하다,-1
해롱대다,-1
해어져서,-1
해어지게,-1
해어지게 하여,-1
해지거나,-1
해지거나 찢어져,-1
해지거나 찢어지다,-1
해지고,-1
해지고 찢어진,-1
해지어,-1
행동을 꾸며,-1
행동을 비웃거나,-1
행동을 비웃는,-1
행동을 터무니없거나,-1
행동이 가량맞고,-1
행동이 까불까불하고,-1
행동이 껄렁껄렁한,-1
행동이 느리고,-1
행방불명,-1
행불,-1
행사가 침해당거나,-1
향기로운,-1
허기가 져서,-1
허는,-1
허는 증상,-1
허덕이다,-1
허둥거리는,-1
허둥거리며,-1
허둥대어,-1
허둥지둥하다,-1
허락도 없이,-1
허름하고,-1
허름하고 잡스러운,-1
허름하고 잡스럽다,-1
허리가 아픈,-1
허망한,-1
허무,-1
허무감,-1
허무에서,-1
허무에서 오는,-1
허무하다,-1
허무한,-1
허무한 느낌,-1
허물을,-1
허물이 있어,-1
허물이나,-1
허병,-1
허비하는,-1
허비하는 짓,-1
허사가,-1
허사가 되어,-1
허섭쓰레기,-1
허세를,-1
허세를 부리다,-1
허세를 부림,-1
허술하여서,-1
허술한,-1
허술한 데가,-1
허술한 점,-1
허약하다,-1
허약하여,-1
허약하여져서,-1
허약하여진,-1
허약한,-1
허약한 사람,-1
허약한 증상이,-1
허약할,-1
허약할 때,-1
허약해져서,-1
허약해지다,-1
허약해진,-1
허전하거나,-1
허전하고,-1
허전하고 쓸쓸함,-1
허전하다,-1
허전한,-1
허전한 느낌,-1
허전한 느낌이,-1
허풍을,-1
허풍을 치는,-1
허풍을 치다,-1
허풍을 치며,-1
허하여,-1
헉헉대다,-1
헌데가 곪느라고,-1
헌데가 생겨서,-1
헌데나,-1
헐거나,-1
헐거워서,-1
헐겁고,-1
헐겁고 허전한,-1
헐게,-1
헐게 된다,-1
헐고,-1
헐고 너절하다,-1
헐떡대다,-1
헐뜯는 근거,-1
헐려서 무너지다,-1
헐어서,-1
헐어서 짓물러,-1
헐어지거나,-1
헐어지거나 깨어지다,-1
헐었거나,-1
헐었거나 무지러져서,-1
험하고,-1
험하고 무섭다,-1
험하다,-1
험하여,-1
험한,-1
험한 벼랑에서,-1
험한 일,-1
험한 장난이나,-1
험한 짓을,-1
험한 행동을,-1
헛갈리다,-1
헛디디거나,-1
헛디디는,-1
헛디디는 모양,-1
헛디디다,-1
헛배가 부르다,-1
헛소리,-1
헛소리나,-1
헛소리를,-1
헛소리를 하거나,-1
헛헛한,-1
헛헛한 느낌이,-1
헝클어져,-1
헝클어져 까칠하게,-1
헝클어져 꺼칠하게,-1
헝클어져 있는,-1
헝클어져 있다,-1
헝클어지거나,-1
헤매다,-1
헤아리지 아니하고,-1
헤아리지 않고,-1
헤어나지 못하다,-1
헤어나지 못한다는,-1
헤어지게,-1
헤어지게 되다,-1
헤프게,-1
헤프게 쓰다,-1
헷갈리어,-1
현기증,-1
현기증을,-1
현기증이,-1
현기증이 나서,-1
현기증이 생겨서,-1
현시창,-1
현피,-1
혈압이 떨어지거나,-1
혐오하다,-1
혐짤,-1
협박장을,-1
협박장을 보내거나,-1
형벌을 가하다,-1
형벌의,-1
형벌하는,-1
형벌하는 권세,-1
형세가 뒤바뀌어,-1
형편없는,-1
호갱,-1
호갱님,-1
호되게,-1
호되게 뒤집어쓰는,-1
호되게 재촉하여,-1
호된,-1
호된 타격을,-1
호들갑스럽게,-1
호화스럽다,-1
호흡 장애로,-1
호흡곤란,-1
호흡이 곤란하여지는,-1
호흡이 곤란한,-1
혼란스럽게,-1
혼란스럽고,-1
혼란스럽다,-1
혼미하여지는,-1
혼미하여지는 증상,-1
혼미한,-1
혼미한 상태가,-1
혼미해지고,-1
혼미해지는,-1
혼미해지는 모양,-1
홀로 되거나,-1
홀로 쓸쓸히,-1
홀린 듯,-1
화풀이,-1
화풀이를,-1
화풀이를 하다,-1
환각 증상,-1
환자,-1
환자의 병,-1
환처가,-1
활기가 없거나,-1
활기가 없고,-1
활기가 없다,-1
활기가 없어,-1
활기가 없음,-1
활기를 잃은,-1
황당한,-1
황당한 일에,-1
황소고집,-1
황천길,-1
효력을 잃게,-1
훔쳐,-1
훔쳐 가지는,-1
훔쳐 가지다,-1
훔치거나,-1
훔치거나 빼앗는,-1
훔치는,-1
훔치는 짓,-1
훔치다,-1
훔치려고,-1
훔친다는,-1
훔침으로써,-1
훼방,-1
훼방 놓기,-1
훼방을,-1
훼방을 놓는,-1
훼방하거나,-1
훼방하다,-1
훼손,-1
훼손하다,-1
휘우듬하게 흔들리는,-1
휘우듬하게 흔들리다,-1
휘청거리며,-1
휘청거리며 걷는,-1
휭하니,-1
흉터,-1
흉터가,-1
흉터가 남는다,-1
흉터가 생겨,-1
흐느껴,-1
흐느껴 우는,-1
흐느껴 울거나,-1
흐느낄,-1
흐느낄 때,-1
흐느적흐느적,-1
흐들감스럽다,-1
흐들갑,-1
흐들갑스럽다,-1
흐들갑스레,-1
흐려지다,-1
흐리고,-1
흐리고 어둑하다,-1
흐리고 얼떨떨하다,-1
흐리다,-1
흐리멍덩하게,-1
흐리멍덩하게 하거나,-1
흐리멍덩하게 하는,-1
흐리멍덩하게 하다,-1
흐리멍덩하다,-1
흐리멍덩하며,-1
흐리멍덩하여,-1
흐리멍덩한,-1
흐리멍덩한 모양,-1
흐림,-1
흐지부지,-1
흐지부지하게,-1
흐지부지하다,-1
흐트러져,-1
흐트러져 있는,-1
흑인 노예,-1
흑흑대다,-1
흘겨보는 모양,-1
흘겨보다,-1
흘리다,-1
흘흘,-1
흙빛과,-1
흠을,-1
흠을 들추어,-1
흠을 들추어내어,-1
흠을 잡거나,-1
흠이 나서,-1
흠이 되는,-1
흠이나,-1
흠좀무,-1
흡수되지 않고,-1
흥글거리다,-1
흥글흥글,-1
흥글흥글하다,-1
흥뚱항뚱,-1
흥분하거나 불안할,-1
흥분하는,-1
흥청,-1
흥청거리다,-1
흥청대다,-1
흥청망청,-1
흥청망청하다,-1
흥청벙청,-1
흥청흥청,-1
흥청흥청하다,-1
희떠운,-1
희떠운 짓이나,-1
희떱게,-1
희떱게 으스대며,-1
희롱하다,-1
희롱해롱,-1
희롱해롱하다,-1
희롱희롱,-1
희롱희롱하다,-1
희룽거리다,-1
희룽대다,-1
희룽해롱,-1
희룽해롱하다,-1
희룽희룽,-1
희룽희룽하다,-1
희룽히룽,-1
희미하고,-1
희미하다,-1
희미해져서,-1
희박하다,-1
희희거리다,-1
희희대다,-1
희희덕,-1
희희덕희희덕,-1
희희덕희희덕하다,-1
힁하다,-1
히들머들,-1
히들머들하다,-1
히뜰머뜰,-1
히뜰머뜰하다,-1
히스테리,-1
히죽비죽,-1
히죽비죽하다,-1
힐난,-1
힐난조,-1
힐난하다,-1
힘 약한,-1
힘들어지고,-1
힘삐치다,-1
힘없는,-1
힘없는 걸음으로,-1
힘없는 다리로,-1
힘없다,-1
힘없은 걸음으로,-1
힘없이,-1
힘없이 거꾸러지는,-1
힘없이 끌려가는,-1
힘없이 넘어지거나,-1
힘없이 몰아쉬는,-1
힘없이 쑥쑥,-1
힘없이 앉다,-1
힘없이 주저앉는,-1
힘없이 처질,-1
힘없이 행동하는,-1
힘없이 행동하다,-1
힘없이 흐느적흐느적,-1
힘을 들였으나,-1
힘을 들이고,-1
힘을 못 쓰게,-1
힘을 잃거나,-1
힘을 잃게,-1
힘을 잃고,-1
힘이 다 빠져,-1
힘이 들거나,-1
힘이 빠져,-1
힘이 약해진,-1
힘이 없거나,-1
힘이 없는,-1
힘이 없는 사람을,-1
힘이 없다,-1
힘이 없어,-1
힘이 없어서,-1
힘이 없음을,-1
힘이나 권세 위력 따위가 없이,-1
ㅗ,-1
ㅜ,-1
ㅜ.ㅜ,-1
ㅜ_ㅜ,-1
ㅜㅜ,-1
ㅜㅡ,-1
ㅠ,-1
ㅠ_ㅠ,-1
ㅠㅠ,-1
ㅡㅡ,-1
긴박하다,-1
무시무시하다,-1
스산하다,-1
소름끼치다,-1
아슬아슬하다,-1
까무러치다,-1
당혹하다,-1
뜨끔하다,-1
뜨악하다,-1
만만찮다,-1
만만치 않다,-1
만만치않다,-1
아뿔싸,-1
움찔하다,-1
그년,-1
그놈,-1
그자식,-1
기집년,-1
미친개,-1
발칙하다,-1
버럭,-1
버럭대다,-1
불유쾌하다,-1
뾰루퉁하다,-1
심통,-1
심통부리다,-1
가련하다,-1
고독하다,-1
고독한,-1
곤욕,-1
난해하다,-1
뼈저리다,-1
쓴웃음,-1
씁쓸하다,-1
아휴,-1
울컥하다,-1
으앙,-1
음울하다,-1
적적하다,-1
청승맞다,-1
청승궂다,-1
청승맞게,-1
흑흑,-1
고리타분하다,-1
신통찮다,-1
심드렁하다,-1
꺼림찍하다,-1
찜찜하다,-1
달갑잖다,-1
못미덥다,-1
콧웃음치다,-1
감질나다,-1
아리송하다,-1
알쏭하다,-1
알쏭달쏭하다,-1
실점,-1
오류,-1
갈등,-1
비리를,-1
의혹,-1
내팽개치다,-1
횡령,-1
불안증,-1
안되다,-1
오래되다,-1
작다,-1
박하다,-1
좁다,-1
불친절하다,-1
멀다,-1
오래되다,-1
안좋다,-1
습하다,-1
설치다,-1
빈약하다,-1
춥다,-1
검다,-1
드럽다,-1
황당하다,-1
필요없다,-1
무심하다,-1
열악하다,-1
심각하다,-1
구리다,-1
뻔하다,-1
냄새가 많이 나서, -1
담배,-1
담배냄새,-1
심하다, -1
수압이 약한,-1
찌들다,-1
얼룩,-1
누렇다,-1
쾨쾨한,-1
다시는,-1
연식,-1
터래기,-1
꼬릿하다,-1
이물질,-1
헐다,-1
보풀,-1
작동안하다,-1
딱딱하다,-1
킬링,-1
머리카락,-1
바퀴벌레,-1
방음,-1
망치,-1
웅성웅성,-1
거미줄,-1
벌레사체,-1
피묻은,-1
쓰레기,-1
순전하다,-1
불결하다,-1
득실하다,-1
잡다하다,-1
따갑다,-1
또렷하다,-1
불안정하다,-1
음산하다,-1
괴롭다,-1
한심하다,-1
망하다,-1
냉정하다,-1
지독하다,-1
날카롭다,-1
냄새,-1
답답,-1
뭔가,-1
협소,-1
불친절,-1
연식,-1
누렇,-1
열쇠,-1
진드기,-1
말투,-1
공사,-1
득실,-1
그닥,-1
보수,-1
진동,-1
점검,-1
거미,-1
오류,-1
제발,-1
찬물,-1
자국,-1
덜덜,-1
퀘퀘,-1
쾌쾌,-1
형편,-1
방치,-1
박살,-1
오래됨,-1
쩐내,-1
실외,-1
재탕,-1
안감,-1
범벅,-1
투성이,-1
발렛문제,-1
소란,-1
반심,-1
반의,-1
베일,-1
쾨쾨,-1
오물,-1
덜컥,-1
취객,-1
나딩굽니,-1
이이이이이,-1
막상,-1
무더기,-1
발바닥,-1
폇는데,-1
머릿카락,-1
각질,-1
별로,-1
노후,-1
어떻다,-1
먹통,-1
변기,-1
벌레,-1
환기,-1
흡연,-1
따닥따닥,-1
찌린내,-1
큰소리,-1
흥건,-1
전투,-1
뒷쪽,-1
재사용,-1
정액,-1
마구잡이,-1
차기,-1
보안,-1
불결,-1
거머리,-1
귀신,-1
선잠,-1
노답,-1
이의제기,-1
코딱지,-1
불쾌,-1
정작,-1
빵점,-1
폐지,-1
경악,-1
항의,-1
착오,-1
핑계,-1
걸레,-1
덕지덕지,-1
비위,-1
의문,-1
사체,-1
플레인,-1
옛날,-1
장난,-1
옆방,-1
구석,-1
절대,-1
계단,-1
거미줄,-1
모기,-1
이건,-1
배수,-1
고장,-1
개선,-1
커버,-1
당황,-1
단점,-1
겸업,-1
매상,-1
부재,-1
죄악,-1
전쟁,-1
손톱,-1
협소해,-1
시체,-1
꽁초,-1
바퀴,-1
복불복,-1
난생처음,-1
반대편,-1
도대체,-1
가로등,-1
존나,-1
별하나,-1
폐업,-1
우웩,-1
긴머리,-1
대우,-1
재떨이,-1
정정,-1
청소기,-1
물벼락,-1
추웟,-1
낚였다,-1
요망,-1

