긍정,점수
(-;,1
(^^),1
(^-^),1
(^^*,1
(^_^),1
(^o^),1
*^^*,1
/^o^\,1
:(,1
:'-(,1
:-(,1
:-),1
:|,1
;,1
;),1
;-),1
^///^,1
^^,1
^^//,1
<3,1
XD,1
ㄱㅅ,1
ㄱㅇㄷ,1
가격이 싸다,1
가까이 사귀어,1
가까이하다,1
가다듬어,1
가다듬어 수습하는,1
가다듬어 수습하다,1
가다듬어 정하다,1
가당히,1
가뜬하게,1
가라앉혀 바로잡다,1
가르치며,1
가르침,1
가벼운 마음으로,1
가볍게 웃다,1
가볍고,1
가볍고 보드랍게,1
가분가분,1
가분히,1
가뿐가뿐,1
가뿐가뿐하다,1
가뿐가뿐히,1
가뿐하게,1
가뿐하다,1
가뿐한,1
가뿐한 느낌,1
가뿐한 느낌이,1
가뿐히,1
가장 중요한,1
가지런하게 하는,1
가지런하게 하다,1
가지런하다,1
가치,1
가치가,1
가치있는,1
각별나다,1
각별하다,1
간직하다,1
감각적이다,1
감당하다,1
감동시킬,1
감동시킬 만한,1
감모,1
감싸고,1
감정이 북받쳐,1
강렬하게,1
강세,1
강인하다,1
강하게,1
강하게 하다,1
강하고,1
강하다,1
강화하다,1
갖추다,1
개선하고,1
개성,1
개성있는,1
개성있다,1
갠소,1
갸륵한,1
갸륵한 데가,1
갸름하다,1
거리낌 없이,1
거짓 없다,1
거짓없다,1
거침없이,1
거침이 없는,1
걱정이 없는,1
건강에 긍정적인,1
건둥건둥,1
건둥건둥하다,1
검소하다,1
겉면이 매끄럽고,1
겉모양의 아름다움과,1
격려되다,1
격려하다,1
격식에 맞아,1
견고하다,1
견디어 내다,1
견줄 수 없을 정도로,1
결점이 없도록,1
겸손하게,1
겸손하게 이르는,1
겸손하고,1
경건한,1
경험이 많고,1
고상하고,1
고상한 남자,1
고상한 이야기,1
고요하게,1
고요하게 함,1
고요하고,1
고요함,1
고요해짐,1
고쳐,1
고쳐 세우다,1
고쳐 지음,1
고쳐 짓다,1
고치다,1
곧게,1
곧게 되다,1
곧고,1
곧고 올바름,1
곧다,1
곧장 나아가다,1
곳에서 평안히,1
공덕이 있는,1
공로에,1
공로와,1
공로와 업적,1
공손하다,1
공정한,1
공평하다,1
공평하여,1
공평하여 어느,1
공평함,1
관계가 맺어지다,1
관계를 맺다,1
관광할 만한,1
관능적이다,1
관심을 가짐,1
관심을 기울이다,1
관심이 있다,1
관심이나,1
관심이나 흥미,1
괜찮거나,1
괜찮고,1
괜찮다,1
괴로움을 없애,1
괴롭지 아니하여,1
교묘하게,1
교양,1
교양과,1
교양이 있다,1
교양이 있어,1
교육적인,1
교통을 허락하다,1
교통이 허락되다,1
교화하고,1
교훈,1
구경하며 즐기다,1
구구함이나 연연함이 없다,1
구김살 없이,1
구김살이 없다,1
구김살이 없이,1
구성지고,1
구원하다,1
구원한,1
구원한 일,1
구제함,1
구차하지 않다,1
군소리 없이,1
굳게,1
굳게 맹세하다,1
굳게 믿다,1
굳고 행실이,1
굴복하지 않고,1
굽히지 아니하고,1
궐기할,1
궐기할 것을,1
귀염을 받는,1
귀하게 되어,1
귀하게 될,1
규모가 크고,1
그러하다,1
그럴듯하다,1
그럴싸하다,1
그렇게 되리라는,1
그렇게 인정받는,1
그리운,1
그리운 마음이,1
그리움,1
그리웁다,1
그리워지다,1
그리워하거나,1
그리워하거나 좋아하는,1
그리워하거나 좋아하다,1
그리워하다,1
그리워함,1
그립다,1
그윽하고,1
그윽하고 평온하다,1
극락,1
극복하고,1
극복하다,1
근본에 맞는,1
긍정,1
긍정적,1
기대,1
기대가,1
기대가 가득하다,1
기대된다,1
기대를 받다,1
기대하다,1
기름진 땅,1
기리어,1
기막히다,1
기모띠,1
기반이 튼튼하게,1
기반이 튼튼하다,1
기부하다,1
기예에 통달하여,1
기풍,1
긴장을 해소하려,1
길미,1
길을 찾아내다,1
깊고 중대한,1
깊은 이치나,1
깊이 있고,1
까다롭지 아니하다,1
깜찍하게,1
깜찍하게 까딱거리는,1
깜찍하게 생긴,1
깜찍하고,1
깜찍하고 트인,1
깜찍하다,1
깜찍하면서도,1
깨끗이,1
깨끗이 하다,1
깨끗이 함,1
깨끗하게,1
깨끗하게 다듬고,1
깨끗하게 하다,1
깨끗하고 깔끔한,1
깨끗하고 순진하게,1
깨끗한 사람,1
깨닫거나,1
깨닫게,1
깨닫게 하거나,1
깨닫고자,1
깨닫는,1
깨닫는 경지에,1
깨닫다,1
깨달아,1
깨달아 알게,1
깨달아 알다,1
깨달아 얻음,1
깨달은 상태,1
깨달음,1
깨달음을,1
깨달음을 얻고,1
깨달음의,1
깨달음의 지혜이다,1
깨알같다,1
깨우쳐,1
깨우쳐 주고,1
꼭 맞다,1
꼭 알맞다,1
꼼꼼하게,1
꼼꼼하게 자세히,1
꼼꼼하고,1
꼼꼼하다,1
꼿꼿하며,1
꾸민,1
꾸밈을 화려하게,1
꾸밈이 없음,1
꾸밈이 없이,1
꾸준하게,1
꾸준하게 일하거나,1
꾸준하게 행동하다,1
꿀잼,1
꿋꿋하다,1
꿋꿋한,1
꿋꿋한 모양,1
끈기,1
끌다,1
끌리도록,1
끝까지 변함없이,1
ㄳ,1
나긋나긋이,1
나쁘지 않고,1
나서는 힘,1
나아가게,1
나아가게 하다,1
나아지게,1
난리나다,1
날뛰다,1
날뜀,1
날씬하다,1
날씬한,1
남달리,1
남보다 높은,1
남보다 앞서서,1
남을 대접하는,1
남을 도와주다,1
남을 웃기는,1
남을 웃기려고,1
남을 이해하고,1
낫게 하다,1
낫다,1
낭만,1
낭만적인,1
내색 없이,1
내용으로 익살스럽게,1
너그러운 데가,1
넉넉하거나 많다,1
넉넉하게,1
넉넉하고,1
넉넉하고 많은,1
넉넉하고 많음,1
넉넉하고 윤택하게,1
넉넉하고 푸지다,1
넉넉하다,1
넉넉하여,1
넉넉한,1
넉살 좋게,1
넋을 잃다,1
넌덕스러운,1
넌덕스러운 말로,1
널리 알려지다,1
널리 알려진,1
널리 전하여,1
넘기기 좋게,1
넘사,1
넘사벽,1
노는 짓을,1
노력이나,1
노력하는,1
노력하다,1
노련하고,1
논리적,1
놀다,1
놀랍다,1
높거나,1
높거나 가치가,1
높고,1
높다,1
높여 부르는,1
높여 이르는,1
높은,1
높은 경지로,1
높은 경지에,1
높은 등급으로,1
높이 받들다,1
높이 받듦,1
높이다,1
누그러지거나 부드러운,1
누그러지거나 부드럽다,1
누그럽거나 부드러운,1
누그럽거나 부드럽다,1
누리게 하다,1
눈매가 또렷하다,1
눈매가 뚜렷하다,1
눈빛이 반짝이다,1
눈앞에 생생하게,1
눈에 뛸,1
눈이 부시어,1
눈치가 빠르거나,1
뉘우치고,1
뉘우치고 고침,1
뉘우치고 바로잡아,1
느낌이 깨끗하고,1
느낌이 부드럽게,1
느낌이 시원하고,1
늘씬한,1
늘씬한 모양,1
능글능글한,1
능글능글한 모양,1
능글맞게 하다,1
능력,1
능력을 믿고,1
다독거리다,1
다독다독,1
다독다독하다,1
다루기에 손쉽게,1
다시 살아나거나,1
다시 성해지다,1
다시 친숙해지다,1
다시 평안하다,1
다양하다,1
다채롭다,1
다하여 싸우다,1
다행스럽다,1
단단하게,1
단단하고,1
단단하고 굳세거나,1
단단하고 굳세다,1
단단히 가다듬다,1
단련되고,1
단련되고 굳세어지다,1
단련되다,1
달거나,1
달거나 달콤하다,1
달달하다,1
달뜬,1
달뜬 느낌,1
달뜬 상태이다,1
달뜸,1
달래는 모양,1
달래다,1
달래어 편하게,1
달성감,1
달성하다,1
달성한,1
달콤하고,1
달콤하고 정다운,1
달콤하다,1
달콤한,1
달콤한 느낌,1
달콤한 말,1
담력과 지혜를,1
당당하게,1
당당하게 말하다,1
당당하고,1
당당하고 떳떳하게,1
당당하다,1
대가,1
대가 없이 내놓다,1
대견하고,1
대담하고,1
대담하고 시원스럽게,1
대상,1
대상을 아끼고,1
대상이 시원스럽도록,1
대열을 깨끗이,1
대접,1
대접하기,1
대접하는,1
대접하는 일,1
대접함,1
대할 만하게,1
대할 만하다,1
더 높거나,1
더 높은,1
더러움을 씻고,1
더없이,1
더욱 든든하고,1
더하다,1
더할 나위 없이,1
더할 바 없이,1
더할 수 없이,1
덕망을 갖춘,1
도덕적 기준에,1
도리,1
도리를 깨닫는,1
도와서 이루어지도록,1
도와주다,1
도움,1
도움을 얻다,1
독보적,1
독특하다,1
돈이 많음,1
돋는다,1
돋보이다,1
돋우다,1
동기 부여하다,1
동기를 부여하다,1
동기부여하다,1
동의?어보감,1
되찾는,1
되찾는 일,1
두근거리다,1
두드러지다,1
두드러진 보람,1
두려워하지 아니하다,1
두려워하지 아니함,1
두텁다,1
드높은,1
드높은 모양,1
들뜬,1
들뜬 상태에,1
들먹이며 우쭐하다,1
들먹이며 우쭐해하다,1
듯이 날뛰다,1
듯이 날뜀,1
따름,1
따위가 왕성하다,1
딸바보,1
때를 없애다,1
때를 없앰,1
떳떳하게,1
또는 순수하게,1
또렷또렷,1
또렷또렷하다,1
또렷또렷한,1
또렷이,1
또렷하게 하다,1
또렷하다,1
또렷한,1
또렷한 상태로,1
또박또박하게,1
또박또박하게 하는,1
또박또박하게 하다,1
뚜렷하게,1
뚜렷하고,1
뚜렷하고 크다,1
뚜렷하다,1
뚜렷하여,1
뚫고 지나가다,1
뚫어트리다,1
뛰어넘다,1
뜨뜻하고,1
뜻이 있거나,1
뜻한 바를 굽히지 않고 밀고 나아가는 힘이 있다,1
로맨티시즘,1
리즈시절,1
마땅하고 좋게,1
마음속에 간직하다,1
마음씨가 곱고,1
마음씨가 맑고,1
마음에 간직하다,1
마음을 가라앉히고,1
마음을 깨끗이,1
마음을 받아들이다,1
마음을 베풀거나,1
마음을 써서,1
마음을 털어놓고,1
마음을 홀리는,1
마음이 간절하다,1
마음이 생기다,1
마음이 신령하다,1
마음이 신령하여,1
마음이 움직이다,1
마음이 움직임,1
마음이 진정되어,1
마음이 풀리어,1
마음이 흡족하여,1
마초맨,1
많음,1
많이 잡다,1
많이 잡혔음을,1
많이 잡히는,1
말똥말똥,1
말똥말똥 쳐다보다,1
말할 수 없을 만큼,1
맛깔나다,1
맛이 달거나,1
맛있는 음식,1
망상과 잡념을 없애고,1
맞고 순순히,1
맞추어,1
맞추어 나가다,1
매끄러운,1
매끄러운 모양,1
매끄러워서,1
매끄럽고,1
매끄럽다,1
매끈둥대다,1
매끈하게,1
매력에,1
매력적인,1
매료되어,1
매료되어 취하다,1
매우 고분고분하고,1
매우 그럴싸하다,1
매우 능글능글한,1
매우 뜨뜻하고,1
매우 매끄럽다,1
매우 매끈하게,1
매우 미끄러운,1
매우 미끄럽다,1
매우 뽀얀,1
매우 생기가,1
매우 앙큼하다,1
매우 훌륭한,1
맹세하다,1
먹음새가 좋아서,1
멀쑥하게,1
멀쑥하다,1
멀쑥한,1
멀쑥한 모양,1
멀쩡하다,1
멋들어지게 부드럽고,1
멋진,1
명복을 빌고,1
명복을 빌다,1
명예롭다,1
명쾌한,1
명쾌함,1
모순을 초월한,1
모양이 꼼꼼하고,1
모자람이 없을,1
모자람이 없이,1
몸가짐이 의젓하고,1
몸보신하다,1
몸을 깜찍하게,1
몸을 단련하거나,1
몸을 보하는,1
몸을 조리함,1
몸짱,1
몹시 끌리도록,1
무게 있게,1
무게가 있게,1
무게가 있는,1
무게가 있다,1
무궁무진하다,1
무량한 마음을,1
무료로,1
무르고 부드러운,1
무르고 부드럽다,1
무사히,1
무엇을 바라거나,1
무엇을 융통하거나,1
무용적 조화와,1
무편무당하다,1
무해한,1
문체가 화려하게,1
물이 맑고,1
물이 오르다,1
물정에 밝은,1
뭇사람을 구제함,1
므흣하다,1
미끄러운,1
미끄러운 모양,1
미끈하다,1
미루지 않고,1
미묘하여,1
미세함,1
미소를 보냄을,1
믿고,1
믿고 의지하다,1
믿다,1
믿을 수 없을 정도로,1
믿음,1
믿음을,1
바라거나 의지하다,1
바로잡다,1
바로잡아 새로운,1
바르게 고치다,1
바르게 만들다,1
바른 정치로,1
반들반들,1
반들반들 윤기가,1
반들반들하다,1
반듯하게,1
반듯하고,1
반성하고,1
반하다,1
반해버리다,1
반했다,1
받다,1
발달된,1
발달된 문명,1
발달하게 되다,1
발달하게 하다,1
발라서,1
발라서 흐뭇하다,1
발전,1
발전되도록,1
발전시키는,1
발전시키는 일,1
발전이나,1
발전하게 하다,1
발전하는,1
발전하다,1
밝게 빛나거나,1
밝고 선명한,1
배우다,1
배워지고 닦이다,1
버프,1
번듯이,1
번듯하게,1
번듯하고,1
번듯하고 의젓한,1
번하다,1
벗,1
벗어남이 없이,1
베푸는,1
베풀거나,1
베풀다,1
베풀어,1
베풀어 주는,1
베풀어 주다,1
베풀어 줌,1
베풀어서,1
베풀어져,1
베풀어져 주어지다,1
베풀어지다,1
변함없이,1
병을 치료하다,1
보고 싶어,1
보고 싶어 하다,1
보기도 괜찮고,1
보기에 신묘하게,1
보기에 어질고,1
보답이,1
보답하는,1
보드라운,1
보드라운 느낌이,1
보드라운 모양,1
보드랍게,1
보드랍게 살그머니,1
보드랍게 웃는,1
보드랍고,1
보드랍고 만만하다,1
보드랍고 무르다,1
보드랍고 무른,1
보드랍고 순하게,1
보드랍고 순한,1
보드랍고 야들야들한,1
보드랍고 연하게,1
보드랍고 연하다,1
보드랍고 연한,1
보드랍고 탄력,1
보드랍고 하늘하늘하다,1
보드랍다,1
보란 듯이,1
보람,1
보람이나,1
보람이나 소득이,1
보배,1
보살의 지혜,1
보살피거나,1
보살피거나 수고하는,1
보살피거나 위하는,1
보살피다,1
보송보송,1
보송보송하다,1
보충하다,1
보탬이,1
보탬이 되는,1
보통 이상의,1
보통 이상의 수준이어서,1
보통 이상이다,1
보호하여,1
복리를,1
복리를 가져오는,1
본받을 만한,1
볼매,1
봄날의,1
봄날의 경치에,1
봄의 경치,1
봄철의 빛,1
부드러우며,1
부드러우면서,1
부드러우면서 아삭하다,1
부드러운,1
부드러운 느낌이,1
부드러운 마음과,1
부드러운 맛,1
부드러운 모양,1
부드러운 태도에서,1
부드러워지게,1
부드러워지게 하다,1
부드럽게,1
부드럽게 녹여,1
부드럽게 퍼지다,1
부드럽게 흔들리는,1
부드럽고,1
부드럽고 매끄러워서,1
부드럽고 반드럽게,1
부드럽고 반드럽다,1
부드럽고 번드럽게,1
부드럽고 번드럽다,1
부드럽고 서정적인,1
부드럽고 순하게,1
부드럽고 순하다,1
부드럽고 순한,1
부드럽고 아삭아삭한,1
부드럽고 연하게,1
부드럽다,1
부러운,1
부러워함,1
부자,1
부족함이 없다,1
부처의 지혜,1
부처의 지혜가,1
북받쳐 일어나다,1
분명하게,1
분명하게 짓다,1
분명하고,1
분명하고 또렷이,1
분명하다,1
분명한,1
분명한 답을,1
분명한 모양,1
분발하도록 격려하다,1
분위기가 점잖고,1
분위기가 점잖고 엄숙하게,1
분위기가 좋은,1
분풀이하다,1
분하고 원통한 마음을 풀어 버리다,1
불만이 없어,1
불편부당,1
불편부당하다,1
붙임성,1
붙임성 있게,1
비장의,1
비장의 수,1
비중이 있다,1
빈틈없고,1
빈틈없고 야무지다,1
빙긋거리다,1
빙긋대다,1
빛,1
빛나고,1
빛나고 환하게,1
빛나며,1
빠르다,1
뻑뻑하지 아니하게,1
뽀록,1
뽀얀,1
뽀얀 모양,1
뽐내는,1
뽐내는 모양,1
뽐내다,1
뽐낼,1
뽐낼 만한,1
ㅅㅅ,1
사건에 적극적으로,1
사고가 없다,1
사교적,1
사교적이다,1
사교적인,1
사귀다,1
사귀어,1
사람다운,1
사랑과,1
사랑을,1
사랑을 느낄,1
사랑을 표현하는,1
사랑이,1
사랑하는 태도를,1
사로잡다,1
사리를 밝혀,1
사리에 밝고,1
사물에 밝은,1
사뿐사뿐하다,1
사뿐하다,1
사사로움이 없다,1
사사로움이 없음,1
사심없는,1
사회의 발전이나,1
산 교훈,1
산뜻하거나 뜨거우면서,1
산뜻한,1
살그머니,1
살그머니 웃는,1
살그머니 웃다,1
살려 주다,1
살빛이 희고,1
살아나거나,1
살아나거나 생겨나다,1
상긋,1
상긋거리다,1
상긋방긋하다,1
상긋상긋,1
상긋하다,1
상당하다고,1
상당한,1
상당한 수준이나,1
상당한 지식과,1
상대를 이기다,1
상서로운,1
상서로운 날,1
상서롭다,1
상승곡선,1
상승세,1
상승효과,1
상큼하다,1
상태를 유지함,1
상하지 아니하고,1
상향하다,1
새로운,1
새로운 길에,1
새로워지다,1
새롭게,1
새롭게 고치다,1
새실대다,1
색감이 밝고,1
색다른,1
생각하고 그리워하다,1
생각하고 그리워함,1
생겨나다,1
생글생글,1
생글생글 웃으면서,1
생긋,1
생긋거리다,1
생긋대다,1
생긋방긋,1
생긋방긋거리다,1
생기 있게,1
생기 있고,1
생기 있는,1
생기가,1
생기가 있게,1
생기가 있고,1
생기가 있는,1
생기가 있다,1
생김새가 아담하고,1
생동감이,1
생생하게,1
생생하게 보이는,1
생생하고,1
생생하고 산뜻하게,1
생생하다,1
생생한,1
생생한 기운이,1
생생히,1
생활에 유용함을,1
생활이 넉넉하여,1
생활이 원만하고,1
서늘하다,1
서로 사귀며,1
서로 친하다,1
서로 협력함을,1
서로 화답하며,1
서정적인,1
선뜻 행동하는,1
선뜻 행동하다,1
선량하다,1
선량한,1
선명하게,1
선명하다,1
선명하다는,1
선명하다는 뜻으로,1
선명한,1
선선한,1
선선한 느낌이,1
선업을,1
선전하다,1
선진적인,1
설레거나,1
설레거나 움직이다,1
설레게,1
설레게 하는,1
설레게 하다,1
설레는,1
설레는 모양,1
설레다,1
설레어,1
설레이다,1
섬세하게,1
섬세하고,1
성과가,1
성과가 있을,1
성교,1
성교 하다,1
성숙되다,1
성숙하고,1
성숙하고 발전하다,1
성숙하다,1
성의가,1
성의를 보이거나,1
성장되거나,1
성장되거나 성숙되다,1
성장되거나 성숙하다,1
성적인 매력에,1
성질이 보드라우면서,1
성질이 부드러우면서,1
성질이 부드럽고,1
성하다,1
성해지다,1
세계를 동경하고,1
세계적인,1
세련미,1
세운 공로에,1
세일,1
세일하다,1
센셰이셔널,1
소득,1
소득이 있다,1
소망,1
소복하게,1
소질과,1
소탈하여,1
속을 후련하게,1
속죄,1
손보아 고치다,1
손으로 탐스럽게,1
솟아나는,1
솟아나는 모양,1
수고하는,1
수긍하다,1
수령에게 기쁨을,1
수수하다,1
수습하는,1
수습하는 모양,1
수습하다,1
수요가 늘어나다,1
수익,1
수익을,1
수준을 뛰어넘어,1
수준이 높고,1
수행의 공덕을,1
수혜,1
수혜자,1
숙련된,1
순결무구하다,1
순결한 사랑,1
순박하게,1
순서상으로 앞선,1
순수하게,1
순수하게 되게,1
순수하게 되다,1
순수하게 됨,1
순수하고,1
순수하다,1
순수한,1
순수한 애정이나,1
순수화,1
순수화하다,1
순순하다,1
순순히,1
순정파,1
순정하다,1
순종하는,1
순진하게,1
순탄하게,1
순탄하고,1
순탄하고 원활하여,1
순편하다,1
순편히,1
순하게,1
순하게 되다,1
순하다,1
순한,1
순한 모양,1
숨김없이,1
숨김없이 말하다,1
숨김이 없이,1
쉬면서,1
쉬워지다,1
쉴드,1
쉽게,1
쉽게 다루거나,1
쉽게 다스리거나,1
쉽게 풀이하다,1
스스럼없이,1
스스럼이 없다,1
스스로 굳게,1
스스로 나서다,1
스스로 새로워지다,1
스스로 처리하다,1
스스로에게 긍지를,1
슬쩍 웃다,1
시선이 혹하여,1
시원스럽게 빨리,1
시원스럽고 말쑥하다,1
시원하다,1
시원하여,1
시원하여 유쾌한,1
시원한,1
시원한 느낌이,1
식견,1
식견과 안목,1
식견이 높고,1
신기하다,1
신령스러운,1
신령스러운 기운이,1
신령하다,1
신령하여,1
신뢰,1
신뢰하다,1
신뢰할 수 있는,1
신뢰할 수 있음,1
신묘하게,1
신박하다,1
신선하다,1
신성한,1
신중,1
신중하다,1
신중한,1
신중한 언행이나,1
신중히,1
신컨,1
신통하다,1
실력을 기름,1
실속,1
실속이,1
실용적,1
실제로 이루다,1
실제로 이루어지다,1
실천적인,1
심오한,1
싱긋대다,1
ㅆ,1
싹싹한,1
싹싹한 데가,1
썸,1
쓰기 좋게,1
쓸 만하게,1
쓸모 있게,1
쓸모 있는,1
씩씩하게,1
씩씩하고,1
씩씩하다,1
씻어서 깨끗하게,1
ㅇㅅㅇ,1
ㅇㅈ,1
ㅇㅋ,1
ㅇㅎ,1
아기자기하거나,1
아기자기하거나 간드러진,1
아기자기하게,1
아기자기하게 즐겁고,1
아끼고,1
아끼다,1
아끼어,1
아끼어 친밀하게,1
아낌없이,1
아내를 아끼고,1
아늑한,1
아늑한 곳을,1
아는 것이 깊고,1
아는 벗,1
아는 힘,1
아니하고 들어맞다,1
아담하고,1
아담하고 깨끗한,1
아담하고 말끔하게,1
아담하고 말끔하다,1
아담하고 말끔한,1
아량을 베푸는,1
아름다움을 요구한다,1
아삭아삭한,1
아삭아삭한 모양,1
아삭하다,1
아쉬움 없이,1
아주 가깝게,1
아주 가깝다,1
아주 고요해짐,1
아주 공평하여,1
아주 늘씬한,1
아주 매끄럽다,1
아주 밝고,1
아주 부드럽고,1
아주 쉽다,1
아주 예사롭게,1
안구 정화,1
안도,1
안도감,1
안도하다,1
안락,1
안락하게,1
안락하게 지내는,1
안락하게 지내도록,1
안락하다,1
안목,1
안심,1
안심감,1
안심이,1
안심이 되는,1
안심하다,1
안전하다,1
안전함,1
안정,1
안정되게,1
안정되게 하다,1
안정을 찾은,1
안정한,1
안정한 곳이라는,1
안존하다,1
안처하다,1
않고 올바르다,1
알기 쉽게,1
알맞게,1
알맞게 내리는,1
알맞게 노르스름하게,1
알맞게 노르스름하다,1
알맞게 높다,1
알맞게 높아,1
알맞게 되다,1
알맞게 두껍게,1
알맞게 따뜻하다,1
알맞게 뜨뜻하다,1
알맞게 서늘하게,1
알맞게 작으면서도,1
알맞다,1
알아서 깨달음,1
알아서 스스로,1
압도하다,1
앞선 상태에,1
앞으로 나아가게,1
앞으로 좋게,1
앞질러,1
앞질러 나서는,1
애교가 있어서,1
애정,1
애정이나,1
애정이나 감정을,1
애착,1
애착하다,1
애처가,1
애타심,1
애타적,1
애틋하게,1
애틋하게 생각하고,1
야들야들하게,1
야들야들하게 보드랍고,1
야들야들한,1
야들야들한 느낌이,1
야무진,1
야무진 느낌을,1
야물다,1
약삭빠르다,1
약속을 지키다,1
약속이 성립하다,1
얌전하고,1
양득,1
어긋나지 아니하게,1
어긋나지 아니하고,1
어긋나지 않고,1
어긋남이 없는,1
어긋남이 없다,1
어긋남이 없이,1
어려움 없이,1
어려움을 극복하다,1
어렵지 않게,1
어른 같은,1
어지간하게,1
어지럽지 아니하다,1
어질다,1
어필하다,1
억세지 아니하고,1
언행이 옹골차고,1
언행이 의젓하고,1
얻는 은혜나,1
얻어 내다,1
얻어 냄,1
얽매이지 아니하고,1
엄하다,1
업적,1
업적을,1
업적이나,1
엘리트,1
엘리트한,1
여기고 아끼다,1
여기고 아낌,1
여유,1
여유 잇고,1
여유 있는,1
여유가 생기다,1
여유가 있게,1
여유가 있다,1
여유로운,1
여유로운 모양,1
여유롭다,1
여유를,1
여유를 두고,1
역전하다,1
역투하다,1
연애,1
연애를,1
연애를 하거나,1
연하게,1
연하고,1
연하고 보드라운,1
연하고 보드랍다,1
연하고 부드러운,1
열공,1
열매를 맺다,1
열성이,1
열성이 생겨,1
열심히,1
열심히 하는,1
열정,1
열중하는,1
열중하는 마음,1
열중하다,1
염모,1
염모하다,1
영감을 얻다,1
영리하다,1
영양가 높은,1
영양가가 높은,1
영양분이 풍부한,1
영양을 보충하다,1
영예,1
영예로운,1
예방,1
예방하다,1
예술적,1
예술적인,1
예술적인 아름다움이나,1
예스러운,1
예스러운 표현으로,1
예의,1
예의를,1
예의를 갖추기,1
예의를 갖추어,1
예의를 차리다,1
예의와,1
예의와 도리,1
예절을 지키는,1
옥처럼 아름다운,1
온 정성을,1
온 힘을,1
온도가 알맞게,1
온순하게,1
온순하다,1
온순한,1
온순한 마음,1
온순한 마음으로,1
온순한 태도로,1
온전하게,1
온전하다,1
온전한,1
온전한 상태로,1
온하다,1
온환하게,1
올바르게 이어받은,1
올바른 격식이나,1
올바른 길,1
올바른 이치에,1
올ㅋ,1
옳고 정당하게,1
옳다,1
옳은,1
옳은 일,1
옹골차고,1
옹골차고 야무지다,1
옹골차다,1
완벽한,1
완성,1
완성 단계에,1
완성된,1
완성품으로,1
완성하다,1
완전하게,1
완전하게 하다,1
완전하고,1
완전하고 원만하게,1
완전하다,1
왕성하게,1
왕성하게 일어서다,1
왕성하게 젊다,1
왕성하다,1
왕성해지는,1
왕성해지는 기운,1
요긴한,1
요란하지 않고,1
요령이,1
요령이 있다,1
요염하다,1
요염함,1
욕구가 충족되어,1
욕구가 충족되었을,1
용감,1
용감한,1
용감함,1
용기,1
용기가,1
용기를,1
용기를 가진,1
용기를 주다,1
용기와,1
용기와 기상이,1
용납함,1
용서되다,1
용서하다,1
용서함,1
용이하다,1
용이한,1
용이함,1
용자,1
용하다,1
용한,1
우대를 받다,1
우렁우렁,1
우렁우렁 힘차다,1
우렁차고,1
우렁차다,1
우아한,1
우쭐,1
우쭐거리는,1
우쭐거리는 모양,1
우쭐거리다,1
우쭐거리다 또는,1
우쭐대다,1
우쭐우쭐하여지는 기운,1
우쭐하는,1
우쭐하는 모양,1
우쭐하다,1
우쭐하다 또는,1
우쭐해하다,1
우쭐해하다 또는,1
우호적,1
운,1
운이 좋은,1
웃기는,1
웃어른을 존경하는,1
웃음바다,1
웅장하고,1
웅장하고 시원스럽게,1
웅장한,1
웅장한 맛이,1
원고를 겸손하게,1
원기 왕성하게,1
원기 왕성한,1
원동력,1
원만하거나,1
원만하거나 선하다,1
원만하게,1
원만하고,1
원만하고 즐겁게,1
원만하다,1
원만한,1
원만한 모양,1
원망,1
원통,1
원통하다,1
웬만하여,1
위꼴사,1
위대한 것,1
위엄 있는,1
위엄있는,1
위하는,1
위하는 마음을,1
위하는 마음이,1
위한 의기가,1
유달리 특별하다,1
유달리 특별한,1
유리하다,1
유리하도록,1
유명한,1
유명한 사람,1
유명해지다,1
유요함을,1
유창하다,1
유쾌한 느낌,1
윤기,1
윤기가,1
윤기가 나거나,1
윤기가 나고,1
윤기가 돌고,1
윤기가 번드르르,1
윤기가 있고,1
윤기가 흐르고,1
윤리적인,1
윤이 나고,1
윤이 나는,1
윤이 날,1
윤택하게,1
융통성,1
융통성 있게,1
융통하거나,1
융통하거나 해결할,1
은혜로운,1
은혜를 베풀어,1
음미하고 즐김,1
의기가,1
의기가 있다,1
의기양양,1
의기양양하게,1
의기양양하다,1
의기양양하여,1
의기양양하여 자꾸,1
의욕,1
의욕이나,1
의욕이나 정열,1
의젓하거나,1
의젓하거나 여유가,1
의젓하고,1
의젓하고 고상한,1
의젓하고 신중하다,1
의젓하고 신중한,1
의젓하고 점잖게,1
의젓하고 점잖다,1
의젓한,1
의젓한 모양,1
의젓한 태도로,1
의좋게,1
의좋게 지내는,1
의지를 가다듬고,1
의지하다,1
이겨 내다,1
이겨 냄,1
이기거나,1
이기다,1
이끌리는,1
이끌리는 마음,1
이루거나,1
이루다,1
이루어,1
이루어 만족한,1
이루어지다,1
이루어지도록,1
이루어지도록 하다,1
이룩하다,1
이룩함,1
이룬 화음,1
이룸,1
이름을 떨침,1
이바지하다,1
이벤트,1
이상의 수준이다,1
이상의 수준이어서,1
이상함이 없다,1
이용하기 쉬움,1
이용하기 쉽다,1
이용하기 좋은,1
이해하거나,1
이해하거나 배우는,1
이해하고,1
이해하고 돕는,1
이해하고 돕다,1
이해하는,1
이해하는 마음,1
익숙하고,1
익숙하도록,1
익숙하도록 되풀이하여,1
익숙한,1
익숙한 솜씨,1
익숙해짐,1
익히게,1
익히게 하다,1
인간애를,1
인간에게 좋은,1
인격을 길러,1
인기,1
인기를 얻게,1
인덕으로,1
인상적이다,1
인심을 달래어,1
인연이,1
인연이 맺어지다,1
인재를,1
인정,1
인정 받다,1
인정받다,1
인정을 받다,1
인정이 많고,1
인정이 많다,1
인정있는,1
인정하는 부분,1
인정하다,1
인정하여,1
인정하여 내세우다,1
일깨워,1
일깨워 주는,1
일을 긍정할,1
일이 밝혀지거나,1
잇따라 우쭐거리다,1
자격을 얻다,1
자긍,1
자긍심,1
자꾸 뽐내다,1
자꾸 설레다,1
자꾸 우쭐거리다,1
자꾸 웃는,1
자꾸 웃다,1
자랑스런,1
자랑자랑하다,1
자랑하다,1
자부하다,1
자비,1
자비로써,1
자비로운,1
자비로운 교훈,1
자비로움을,1
자비로움을 나타낸,1
자비를,1
자비를 베풀어,1
자비심으로,1
자비심이,1
자비심이 많아,1
자비의,1
자비의 마음으로,1
자세하고 정확하게,1
자세히,1
자세히 살피다,1
자세히 살핌,1
자신 있게,1
자신감,1
자신의 재능을,1
자신하다,1
자연 그대로,1
자연스럽게,1
자연스럽게 보이다,1
자연스럽다,1
자연의 아름다운,1
자유로운,1
자유로운 상태가,1
자유롭게,1
자유롭게 함,1
자주 사용되다,1
자주 하다,1
자지러지게,1
자질,1
자질을 겸손하게,1
작품이 사랑받고,1
잘,1
잘 싸우다,1
잘 싸움,1
잘못된 것이 없이,1
잘못을 고쳐,1
잘못을 뉘우치고,1
잘못을 용서함,1
잘못을 인정하고,1
잘빠진,1
잘생긴,1
잡념을 없애고,1
장애물을 헤치다,1
장엄한 상,1
장점을 인정하거나,1
장점을 취하여,1
장학금,1
재능,1
재능을,1
재능을 가진,1
재능을 겸손하게,1
재능을 알고,1
재능이라는,1
재능이라는 뜻으로,1
재물이 넉넉하거나,1
재미가,1
재미를 붙여,1
재산이 넉넉하다,1
재주,1
재주가 있고,1
재주를,1
재주를 가진,1
재주와 지혜가,1
재치,1
재치 있고,1
재치가 있고,1
재치있다,1
재해를 소멸시키다,1
저렴하다,1
적극,1
적극 찾아서,1
적극적으로,1
적극적으로 다가가,1
적극적인,1
적극적인 마음,1
적당하게,1
적당하게 맞추어,1
적당하다,1
적당한,1
적당히 좋아하는,1
적절하게,1
적절하게 이어져,1
적절하게 처리하는,1
적절한 예,1
적합하다,1
적합하도록,1
적합하도록 만들어지다,1
적확한,1
적확한 견해,1
전문가,1
전문적 지식,1
전성,1
절개가 굳은,1
젊고,1
젊고 건강하여,1
젊다,1
접대하다,1
접대함,1
정,1
정결히,1
정교하고,1
정교한,1
정답게 이르거나,1
정당하게,1
정당한,1
정당한 길,1
정당한 도리,1
정도가 높다,1
정돈되어,1
정돈되어 말끔하게,1
정돈되어 말끔하다,1
정돈되어 시원스럽게,1
정돈하다,1
정밀하고,1
정밀하고 미세함,1
정밀한,1
정분이,1
정분이 나서,1
정분이 두텁게,1
정분이 두텁다,1
정상,1
정성껏,1
정성스럽다,1
정성스레,1
정성스레 대하거나,1
정성을,1
정성을 겸손하게,1
정성을 기울이다,1
정성을 나타내다,1
정성을 다하여,1
정성을 다함,1
정성을 들인,1
정성이,1
정성이 미치는,1
정성이나,1
정성이나 노력,1
정성이나 성의가,1
정신이 멀쩡하다,1
정신적으로 보탬이,1
정신적으로 편안하고,1
정연하게,1
정열,1
정을 통하다,1
정의롭다,1
정의를,1
정의를 위한,1
정이 깊게,1
정이 넘칠,1
정이 들어,1
정이 많게,1
정이 맺어지다,1
정이 맺어짐,1
정중하게,1
정중한,1
정중한 부탁이나,1
정중히,1
정치를 잘하다,1
정하다,1
정확하게,1
정확하고,1
정확한,1
제대로,1
제대로 이루어지다,1
제때에,1
제때에 내리는,1
조건에 맞아,1
조건에 어울리게,1
조건을 개선하고,1
조금 깨끗하고,1
조금 설레는,1
조금 시원스럽게,1
조금 푸근하게,1
조금 훤하게,1
조리 있게,1
조리가 있고,1
조심스러움,1
조심스럽게,1
조용하며 찬찬하다,1
조용하며 찬찬한,1
조용한 느낌이,1
조직이나 기구 따위가 무너지거나 흔들리지 아니하는 상태로,1
존경,1
존경하다,1
존중,1
존중하다,1
좀 보드랍고,1
좀 부드럽고,1
좋은가봉가,1
죄가 없음을,1
죄를 고백하고,1
죄인임을 반성하고,1
중대한,1
중대한 태도로,1
중생을 구제하기,1
중요하게,1
중요하고,1
중요하다,1
중요한,1
중요한 물건이나,1
증상을 치료하는,1
지극한 효자나,1
지극할 정도로,1
지나치게 똑똑하다,1
지식과 경험을,1
지식이 많고,1
지위가 높고,1
지저분함이 없이,1
지적이고,1
지지 아니하고,1
지켜야 할 도리,1
지혜가 계발되고,1
지혜로우며,1
지혜로우며 점잖은,1
지혜로운,1
진리,1
진리를,1
진리를 깨닫고자,1
진리를 깨닫는,1
진리를 깨달은,1
진리를 밝힘,1
진리를 증득,1
진리와,1
진실,1
진실된,1
진실을,1
진실하고,1
진실하고 올바른,1
진실하여,1
진실한,1
진실한 가르침,1
진실한 도리,1
진실한 마음으로,1
진실한 의의,1
진정되어,1
진정하다,1
진취적,1
진취적인,1
집착을 버린,1
짜릿하다,1
짝남,1
ㅊㅋ,1
차도남,1
차도녀,1
차별 없이,1
착실한 맛,1
착착 달라붙을,1
착하고 평등한,1
찬사,1
찬찬하고,1
찬찬하다,1
찬찬하며,1
찬찬하며 실하게,1
찬찬한,1
찬찬한 모양,1
참고 견디다,1
참신하다,1
참으로,1
참으로 진짜,1
참회의 공덕으로,1
창의적,1
창의적인,1
창조적인,1
책임감,1
책임감있는,1
책임지고,1
처리하는 재주,1
천사,1
천진하게,1
천진하게 웃는,1
철저하고,1
철저하고 바르다,1
철저하다,1
청정하며,1
초월,1
초월한,1
최상,1
최저가,1
최적의,1
최적화,1
최적화하다,1
추진하다,1
추천하다,1
축복받다,1
축하하다,1
춤을 추다,1
춥지 아니하고,1
충분하게,1
충분하고,1
충분하고 넉넉하게,1
충분하다,1
충분한 만족,1
충분한 만족과,1
충분해서,1
충분히,1
충분히 마련되다,1
충분히 만족스럽다,1
충분히 익히다,1
충성,1
충성을,1
충성을 겸손하게,1
충성이라는,1
충성이라는 뜻으로,1
충성하다,1
취존,1
취향을 저격하다,1
측은,1
치료하는,1
치료하다,1
치우침이 없음,1
치우침이 없이,1
치우침지 아니하다,1
친밀하다,1
친밀한 관계를,1
친숙해지다,1
칭미하다,1
칭찬하는,1
칭찬하는 말,1
칭찬하여 말함,1
칭찬해,1
칭찬해 줄,1
ㅋㄷ,1
캐리,1
캣맘,1
케미,1
쾌감,1
쾌조,1
쾌활하게,1
쾌활하게 웃다,1
크고 웅장한,1
크고 튼튼하여,1
크고 힘차게,1
크고 힘차다,1
클라스,1
키가 커서,1
타당하다,1
타당한,1
타륵,1
타협점을 찾아,1
탁 트여,1
탁 트이고,1
탁 트이다,1
탁월한,1
탄력 있게,1
탄력 있고,1
탄력이,1
탄력이 있게,1
탄력이 있는,1
탄력이 있다,1
탄력이 있으며,1
탄탄하다,1
탈 없이,1
탈이 없이,1
탕평,1
탕평하다,1
태도가 떳떳하다,1
태도가 부드럽고,1
태도가 상냥하고,1
태도가 의젓하고,1
태도를 본받아,1
태평하게,1
태평하게 사는,1
태평한,1
태평한 세상,1
통과되다,1
통달하고,1
통달하는,1
통달하는 일,1
통달하여,1
통달한,1
통쾌감,1
통하다,1
트렌디하다,1
트인 맛이,1
특별하다,1
특별한,1
특별한 마음가짐이나,1
특별한 사랑과,1
특별히 뛰어나다,1
특이하다,1
특출하게,1
특출하게 뛰어나다,1
튼튼하게,1
튼튼하게 지탱하다,1
튼튼하게 하다,1
튼튼하다,1
튼튼하여,1
튼튼히,1
틀림이 없이,1
티 없이,1
티가 없다,1
판단이 정확하고,1
판단하여 수긍하다,1
팔팔하다,1
퍼져서 흥하다,1
퍽 옹골차고,1
편리하게,1
편리하게 이용할,1
편안한 세월,1
평등하다,1
평등하다는,1
평등한,1
평등한 천성,1
평등함을,1
평화를,1
평화를 주장하는,1
포괄적인 경험,1
포근하게,1
포근하게 따뜻이,1
포근하고,1
포근하고 아늑한,1
포근하다,1
포근한,1
포근한 느낌,1
포근한 모양,1
폭발적이다,1
폭이 넓고,1
표정이 환하다,1
표현이 진실하여,1
푸근푸근히,1
푸근하게,1
푸근하게 부드럽고,1
푸근하고,1
푸근하고 흐뭇하게,1
푸지다,1
푸짐하다,1
풀리어 거뜬하다,1
풀리어 흐뭇하고,1
품격,1
품격과 도리,1
품격을,1
품격을 갖추는,1
품에 안다,1
품위,1
품위가 있거나,1
품위가 있다,1
품절남,1
품절녀,1
풍모가 있게,1
풍미있는,1
풍부하다,1
풍성풍성히,1
풍성하게,1
풍성하고,1
풍요로워지다,1
풍요롭다,1
필수,1
필요하고,1
ㅎㅎ,1
하기를,1
하기를 바라는,1
하기를 바람,1
하늘하늘하다,1
학문이,1
학식이 많고,1
한가하게,1
한가하게 지냄을,1
한가하고,1
한가하고 태평하게,1
한결같다,1
한결같이,1
한뜻,1
한마음,1
한마음 한뜻,1
한쪽으로 귀엽게,1
한창 왕성하다,1
한평생 같이,1
할인,1
할인되다,1
할인하다,1
함께,1
함께 늙음,1
함께 일하다,1
합격하다,1
합리적,1
합리적으로,1
합리적이다,1
합리적인,1
합리적인 경향의,1
해결되다,1
해결되어,1
해결되어 마음이,1
해결하거나,1
해결하거나 처리하다,1
해결해,1
해결해 주다,1
해내다,1
해낼,1
해낼 수,1
해학,1
해학 소설,1
해학적인,1
해학적인 내용으로,1
햇볕이 따뜻하고,1
햇볕이 잘,1
햇빛이 밝다,1
행동이 겸손하고,1
행실이 곧고,1
행운의,1
향기가,1
향기가 있다,1
향기가 좋고,1
향상,1
향상시키다,1
허락되다,1
허락하여,1
허락하여 베풀어,1
허물없이 사귀다,1
허물을 너그럽게,1
허물이 없이,1
허실 없이,1
헤프지 않다,1
혁신적으로,1
혁신적인,1
혁신주의자,1
현명하게,1
현명하다,1
현숙한,1
현숙한 여자,1
현실을 극복하고,1
형벌을 감하여,1
형편을 돕다,1
혜택,1
혜택을,1
혜택을 받다,1
혜택을 받음,1
혜택을 베풂,1
혜택이,1
혜택이 있다,1
혜택이나,1
혜택이나 덕택을,1
호의적,1
호의적이다,1
호의적인,1
호의호식하며,1
혼란스럽지 아니하다,1
혼인,1
홀가분해지다,1
화답하며,1
화답하며 정답게,1
화려하게,1
화려하게 꾸밈,1
화려하게 하다,1
화려하고,1
화려하고 아름답게,1
화려하다,1
화려한,1
화려한 데가,1
화려함,1
화미하다,1
화음,1
화합,1
화합하는,1
화합하다,1
화해하거나,1
확보하다,1
확신을,1
확신을 가지고,1
확실하게,1
확실하고,1
확실하고 굳은,1
확실하다,1
확짝 트이어,1
환상적인,1
활동하기에 편하게,1
활동하기에 편하다,1
활력,1
활력 넘치는,1
활력 넘치다,1
활짝 트이어,1
황홀한,1
회개,1
회개하다,1
회복되다,1
회복하다,1
획기적으로,1
획기적으로 발전시키는,1
효과적,1
효과적으로,1
효과적이다,1
효과적인,1
효율적인,1
후련하게,1
후련하게 하는,1
후련하고,1
후련하고 상쾌하다,1
후련하고 상쾌한,1
후련하다,1
후련한,1
후련한 모양,1
후하게 대접함,1
훤하게,1
훤하고,1
훤하고 깨끗하게,1
훤하고 멀끔하게,1
훤하고 멀끔한,1
훤하고 칠칠한,1
훤하다,1
훤하여,1
훨씬 두드러지다,1
훨씬 뛰어나다,1
휴식,1
휴식하다,1
흐리지 않고,1
흐릿함이 없이,1
흐트러짐이 없음,1
흐트러짐이 없이,1
흐트러집이 없이,1
흔들림 없이,1
흠이 없고,1
흠이 없는,1
흠이 없다,1
흠집이 없이,1
흥그럽다,1
흥미,1
흥미 있고,1
흥미가,1
흥미가 나게,1
흥미나,1
흥미나 열성이,1
흥미롭다,1
흥미를 끌다,1
흥미와,1
흥분되고,1
흥분되고 떨리는,1
흥분이나 아픔 괴로움 따위가 수그러들거나 사라지다,1
흥분하다,1
흥을 돋우려고,1
흩어지지 않게,1
희고,1
희고 말쑥하다,1
희고 멀끔하게,1
희고 멀끔하다,1
희고 멀끔한,1
희고 멀쑥하게,1
희고 멀쑥한,1
희다,1
희말쑥하다,1
희망,1
희망 매매,1
희망을,1
희망을 가지다,1
희망적,1
희망차고,1
희망차다,1
희멀끔,1
희멀끔하다,1
희멀끔히,1
희멀쑥,1
희멀쑥이,1
희멀쑥하다,1
희희,1
히든카드,1
히벌쭉거리다,1
히벌쭉대다,1
히죽,1
히죽거리다,1
히죽대다,1
히죽벌쭉,1
히죽벌쭉하다,1
히죽이,1
히죽이다,1
히죽하다,1
히죽해죽,1
히죽해죽하다,1
히죽히죽,1
히죽히죽하다,1
히쭉,1
히쭉이,1
히쭉이다,1
히쭉하다,1
히쭉해쭉,1
히쭉해쭉하다,1
히쭉히쭉,1
히쭉히쭉하다,1
히히거리다,1
히히대다,1
힘 있게,1
힘과 용기를,1
힘들이지 않고,1
힘을 가지고,1
힘을 다하다,1
힘을 다하여,1
힘을 다함,1
힘을 합하여,1
힘이 가득하고,1
힘이 되어,1
힘이 뛰어나다,1
힘이 있게,1
힘이 있고,1
힘이 있다,1
힘차게 일어남,1
달갑다,1
대견하다,1
보기좋다,1
속시원하다,1
신명나다,1
신바람나다,1
천만다행이다,1
신비롭다,1
가능성이 늘어나다,1
가능성이 있다고,1
가능하다,1
가볍고 상쾌하다,1
가볍고 상쾌한,1
가볍고 시원하게,1
가볍고 편안하게,1
가볍고 환하게,1
가운데에서 뛰어남,1
가장 거룩한,1
가장 뛰어나,1
가장 뛰어난,1
가장 올바르게,1
가장 좋은,1
가치 있는,1
가치 있다,1
가치가 있다,1
가치를 믿다,1
가치를 인정하다,1
간드러진,1
간드러진 느낌이,1
간절하다,1
간편하거나,1
간편하다,1
감개무량하다,1
감격,1
감격성,1
감격스럽다,1
감격스레,1
감격이,1
감격적,1
감격하다,1
감격하여,1
감동,1
감동을 받아,1
감동을 일으킬,1
감동을 주거나,1
감동이,1
감동이 되는,1
감동이나,1
감동이나 고마움을,1
감동하는,1
감동하다,1
감동하여,1
감동함,1
감명되다,1
감명적,1
감명하다,1
감미롭다,1
감복하다,1
감복하여,1
감사,1
감사를 표하다,1
감사하는,1
감사하는 마음으로,1
감사하다,1
감칠맛이 있을,1
감탄,1
감탄스러울,1
감탄스러울 때,1
감탄스럽다,1
감탄적으로,1
감탄하다,1
감탄할,1
감탄할 때,1
감회가 새롭거나,1
감회에 젖음,1
값을 매길 수 없을 만큼,1
값진,1
강인한,1
강추,1
강하게 만들다,1
강하고 야무지게,1
강하고 야무지다,1
강하고 튼튼하게,1
개선,1
개선 방도를,1
개선하다,1
개선함,1
개운하게,1
개운하고,1
개운하고 시원한,1
개운하고 홀가분해지다,1
개운하다,1
개이득,1
거듭 따뜻이,1
거뜬하다,1
거룩한,1
거룩한 모습,1
거룩한 사람,1
거볍고 온화하게,1
거부감 없이,1
거슬림이 없이,1
거짓을 버리고,1
거짓이 없고,1
거짓이 없다,1
거짓이 없이,1
거침새가 없고,1
걱정 없이,1
걱정이 없고,1
건강에 좋은,1
건강하고,1
건강하고 온전하다,1
건강하고 온전한,1
건강하다,1
건강하여,1
건강하여 아름다운,1
건강한,1
건장하다,1
건장한,1
건장한 모양,1
건전하고,1
건전하고 착실한,1
건전한,1
건전함,1
건정히,1
검소한,1
것보다 낫다,1
것이 깨끗하고,1
것이 해결되어,1
게을리하지 않고,1
결함이 없이,1
겸손하고 예의,1
겸손하고 예의 바른,1
겸손하다,1
겸손한,1
경건하다,1
경사스러운,1
경사스러운 일을,1
경이로운,1
경이롭다,1
경치 좋은,1
경치가 뛰어나거나,1
경치가 맑고,1
경치가 아름다움을,1
경치가 아름답다,1
경치가 좋거나,1
경치도 좋음,1
경치를 즐기는,1
경쾌하다,1
계급을 올림,1
계급이 오름,1
계속 흥겹게,1
고결 함,1
고결한 풍채를,1
고귀한,1
고귀한 사람,1
고급,1
고급스럽다,1
고급지다,1
고르고,1
고르고 반듯하게,1
고르고 야무지다,1
고르다,1
고마운,1
고마운 마음,1
고마운 마음이,1
고마움,1
고마움을,1
고마움을 깊이,1
고마움을 나타내거나,1
고마움을 나타내는,1
고마워하다,1
고맙게,1
고맙게 베풀어,1
고맙게 여기는,1
고맙게 여기다,1
고맙게 여김,1
고맙다,1
고백,1
고분고분하게,1
고분고분하고,1
고분고분하고 온순하게,1
고분고분하고 온순하다,1
고분고분하다,1
고상하다,1
고상한,1
고상한 기질과,1
고상한 인품을,1
고상한 풍채,1
고성능,1
고요하고 아름다운,1
고운,1
고운 빛깔,1
고움,1
고치어 바로잡다,1
고품질,1
곱거나,1
곱게,1
곱게 꾸며,1
곱게 피어나는,1
곱게 피어나다,1
곱고,1
곱고 바르며,1
곱고 보드라운,1
곱고 보드랍다,1
곱고 아름답다,1
곱다,1
곱살스러우면서도,1
곱살스러우면서도 트인,1
곱살스럽게,1
곱살스레,1
곱절 용감하다,1
공경의,1
공경의 예를,1
공경하는,1
공경하는 마음으로,1
공경하다,1
공경하며,1
공경하여,1
공경하여 모시다,1
공경할,1
공경할 만하다,1
공기가 상쾌하다,1
공덕으로,1
공덕을,1
공덕을 칭송하는,1
공덕의 힘,1
공손하게,1
공손함을,1
공손함을 더하여,1
공손히,1
공손히 진찰하다,1
공익을,1
공익을 목적으로,1
공적이 많은,1
공정하다,1
공정하여,1
공정함,1
과거에 급제하여,1
관심이나 좋아하는,1
광명이,1
굉장하게,1
굉장하다,1
교리에 밝고,1
굳세거나,1
굳세게,1
굳세게 함,1
굳세고,1
굳세고 야무지다,1
굳세다,1
굳센 기상이,1
굵고 시원시원한,1
귀에 즐거움과,1
귀여운,1
귀여운 느낌이,1
귀여운 데가,1
귀여워하거나,1
귀여워하거나 즐김,1
귀여워하다,1
귀여워할,1
귀여워할 때,1
귀염성,1
귀염성스럽다,1
귀염성스레,1
귀염을,1
귀염을 받을,1
귀엽게,1
귀엽게 걷는,1
귀엽게 걷다,1
귀엽게 기울어지는,1
귀엽게 기울어지다,1
귀엽게 놀리며,1
귀엽게 떠서,1
귀엽게 여기다,1
귀엽게 움직이는,1
귀엽게 움직이다,1
귀엽게 움직이며,1
귀엽게 웃는,1
귀엽게 웃다,1
귀엽게 이르는,1
귀엽게 흔들리는,1
귀엽게 흔들리다,1
귀엽고,1
귀엽고 보드랍게,1
귀엽고 탐스러운,1
귀엽고 탐스럽다,1
귀엽고 환하게,1
귀엽다,1
귀엽도록,1
귀엽도록 보드랍고,1
귀요미,1
귀중하게,1
귀중하다,1
귀중한,1
귀중한 보배,1
귀중한 자원이라는,1
귀중히,1
귀중히 여기는,1
귀중히 여기다,1
귀하게,1
귀하고,1
귀하고 값진,1
귀하고 중요하게,1
귀하고 중요하다,1
귀하다,1
귀하며,1
귀한,1
그 감동,1
그 긍지,1
그 사랑,1
그린라이트,1
극진하게,1
극진하다,1
극진한 데가,1
근사하다,1
근심 없이,1
근심이나 걱정이 없고,1
근하다,1
긍가하다,1
긍정적으로,1
긍정적으로 강조하는,1
긍정적이고,1
긍정적이고 좋다,1
긍정적인,1
긍정적인 범위에,1
긍정적인 태도,1
긍정적인 효과를,1
긍정하는,1
긍정하는 뜻으로,1
긍정할,1
긍정할 때,1
긍정할 때에,1
긍지,1
긍지를,1
긍지를 가지는,1
긍지를 가짐,1
기대 이상으로,1
기대 이상이다,1
기대되는,1
기대할 만한,1
기둥처럼 든든히,1
기미하다,1
기분 좋은,1
기분이 좋게,1
기분이 좋다,1
기분이 좋은,1
기분이 좋을,1
기뻐,1
기뻐서,1
기뻐서 웃는,1
기뻐하고,1
기뻐하고 즐거워하다,1
기뻐하고 즐거워한다는,1
기뻐하고 즐거워함,1
기뻐하는,1
기뻐하다,1
기뻐함과,1
기뻐함과 즐거워함,1
기쁘거나,1
기쁘거나 만족스럽거나,1
기쁘거나 즐거운,1
기쁘거나 흥분하여,1
기쁘게,1
기쁘게 여기다,1
기쁘고,1
기쁘고 만족스럽다,1
기쁘다,1
기쁜,1
기쁜 마음,1
기쁜 마음으로,1
기쁜 마음을,1
기쁜 빛,1
기쁜 빛을,1
기쁜 일이,1
기쁨,1
기쁨과,1
기쁨과 즐거움,1
기쁨을,1
기쁨을 느끼는,1
기쁨을 느끼다,1
기쁨을 느끼어,1
기쁨을 담은,1
기쁨을 아는,1
기쁨을 즐기다,1
기쁨이나,1
기쁨이나 감격이,1
기상이 뛰어난,1
기세 좋게,1
기세가 좋은,1
기운차게,1
기운차게 솟구쳐,1
기운차고,1
기운차고 활기,1
기운차다,1
기특하고,1
기특하고 장하다,1
기품이 있다,1
길고 아름다워서,1
깊은 맛이,1
깊은 맛이 있게,1
깊은 은혜,1
깊은 은혜와,1
깊이 감복하여,1
깊이 기억하다,1
깊이 따르다,1
깊이 따름,1
깊이 사귐,1
깊이 사모함,1
깔끔하게,1
깔끔하다,1
깔끔한,1
깔끔한 데가,1
깔끔해지다,1
깨끗하고,1
깨끗하고 깔끔하게,1
깨끗하고 말끔하게,1
깨끗하고 매끈한,1
깨끗하고 시원스럽다,1
깨끗하고 시원하다,1
깨끗하고 시원한,1
깨끗하고 온전하다,1
깨끗하고 진실한,1
깨끗하고 칠칠한,1
깨끗하다,1
깨끗하다는,1
깨끗하며,1
깨끗하며 단아하게,1
깨끗하여,1
깨끗하여 조금도,1
깨끗한,1
깨끗한 마음,1
깨끗한 모양,1
깨끗한 사랑을,1
깨끗한 상태로,1
깨끗한 생혈,1
꼭 어울리고,1
꼼꼼하고 자상하게,1
꼼꼼한,1
꼿꼿하며 건장하다,1
꼿꼿하며 건장한,1
꽃이 보드랍고,1
꽤 귀여운,1
꽤 따뜻하고,1
꽤 따뜻하다,1
꽤 뜨뜻하고,1
꽤 흥분되고,1
꾸준하게 열심히,1
꾸준한,1
꾸준한 데가,1
꾸준함,1
꾸준히,1
끈기 있는,1
끈기가 있는,1
나라가 태평한,1
나아지게 발전하다,1
나아지다,1
날씨가 맑거나,1
날씨가 화창하여,1
날이 좋아지다,1
남달리 뛰어난,1
남달리 좋아하고,1
남보다 뛰어난,1
남보다 월등히,1
남에게 베풀어서,1
남에게 칭찬을,1
남을 사랑하는,1
내구성이 좋아,1
너그러운,1
너그러운 마음으로,1
너그러운 모양,1
너그러워,1
너그러워 보이는,1
너그러이,1
너그럽게,1
너그럽게 듣다,1
너그럽게 보다,1
너그럽게 용서하다,1
너그럽게 이해하다,1
너그럽고,1
너그럽고 부드러운,1
너그럽고 상냥하면서,1
너그럽다,1
너무 기쁘거나,1
넉넉하거나,1
넉넉하여 만족하다,1
넉넉하여 만족함,1
넓고 시원스럽다,1
넓은 마음으로,1
넘치는 기쁨,1
논리적인,1
높고 뛰어나다,1
높고 맑다,1
높고 빼어나게,1
높은 성적,1
높은 수준에,1
높은 작위,1
높이 평가하거나,1
높이 평가하다,1
눈을 즐겁게,1
느끼는 감동이나,1
늘 소중하게,1
능란하게,1
능력이 뛰어나,1
능력이 뛰어나다,1
능력이 뛰어나다고,1
능력이 있다,1
능률이 나다,1
능수능간,1
능수능란,1
능숙하게,1
능숙하게 다루다,1
능숙하게 처리하다,1
능통한,1
능통한 재주,1
능하고,1
능하다,1
능히,1
능히 처리하다,1
능히 해내거나,1
다 좋도록,1
다 탐스럽게,1
다정하고,1
다정하고 친절하게,1
다정하고 친절하다,1
다정하다,1
단아하게,1
단아하게 건정히,1
단정하게,1
단정하게 차린,1
단정하게 포개다,1
단정하다,1
단출하게,1
대단하거나,1
대단하거나 강하다,1
대단하고,1
대단하고 극진하게,1
대단하고 극진하다,1
대단하고 극진한,1
대단하다,1
대단한,1
대단한 상태에,1
대단히 괜찮음,1
더 강하게,1
더 강하고,1
더 좋게,1
더없이 뛰어난,1
더할 나위 없이 맑고,1
더할 나위 없이 좋음,1
덕,1
덕망이 높고,1
덕망이 높은,1
덕망이 뛰어난,1
덕을,1
덕을 보다,1
덕을 봄,1
덕을 찬미한,1
덕이 넓어,1
덕이 높고,1
덕이 있는,1
덕이 훌륭하고,1
덕이라는,1
덕행을,1
덕행을 닦는,1
덕행이,1
덕행이 높고,1
덕행이 뛰어나,1
데 적합하다,1
도덕적,1
도움을 주는,1
도움이 되는,1
도움이 될 만한,1
독창적,1
독창적인,1
돕는 마음,1
돕다,1
동경하고,1
됨됨이가 뛰어나고,1
됨됨이가 원숙하여,1
두드러지게 뛰어나다,1
두터운 덕이라는,1
두터운 혜택이나,1
드러나는 멋,1
드러내어 뽐낼,1
득템,1
든든하고,1
든든하고 굳세다,1
든든하고 튼튼하다,1
든든하다,1
든든히,1
든든히 의지할,1
듣기 좋게,1
듣기 좋은,1
듣기 좋을,1
듣기에 상쾌하다,1
들기 좋을,1
들떠서 두근거리다,1
들어맞다,1
따뜻이,1
따뜻이 어루만져,1
따뜻하게,1
따뜻하고,1
따뜻하고 포근한,1
따뜻하다,1
따뜻하며,1
따뜻하여,1
따뜻하여 편안하다,1
따뜻하여 편안한,1
따뜻한,1
따뜻한 느낌,1
따뜻한 보호,1
따스함이 있게,1
따스함이 있다,1
따위가 기쁘고,1
따위가 상서롭다,1
따위가 흐뭇하고,1
딱 알맞다,1
떳떳하고,1
떳떳하고 올바르게,1
떳떳하고 올바르다,1
떳떳하다,1
떳떳한,1
떳떳한 도리를,1
떳떳한 모습이나,1
또는 즐겁고,1
또랑또랑하여,1
똑똑하고,1
똑똑하고 뚜렷하게,1
똑똑하고 뚜렷하다,1
똑똑하고 영리하게,1
똑똑하다,1
똑똑한,1
똑똑한 모양,1
똑바르다,1
똘똘히,1
뛰어나,1
뛰어나 유명한,1
뛰어나 존경받는,1
뛰어나거나,1
뛰어나게,1
뛰어나게 세다,1
뛰어나게 훌륭한,1
뛰어나고,1
뛰어나고 특이하다,1
뛰어나고 훌륭하게,1
뛰어나고 훌륭하다,1
뛰어나고 훌륭한,1
뛰어나다,1
뛰어나다는,1
뛰어나다는 뜻에서,1
뛰어난,1
뛰어난 것,1
뛰어난 견해,1
뛰어난 경지에,1
뛰어난 대가,1
뛰어난 덕,1
뛰어난 명장,1
뛰어난 모양,1
뛰어난 문채로,1
뛰어난 미인,1
뛰어난 사람,1
뛰어난 사람으로,1
뛰어난 성질,1
뛰어난 슬기나,1
뛰어난 역량을,1
뛰어난 영웅,1
뛰어난 예능을,1
뛰어난 자연의,1
뛰어난 재능,1
뛰어난 재능과,1
뛰어난 재주,1
뛰어난 재주나,1
뛰어난 지혜,1
뛰어난 진리,1
뛰어난 풍채와,1
뛰어남,1
뜻깊은,1
뜻깊은 일이나,1
뜻을 이루거나,1
마땅하고,1
마땅하고 떳떳한,1
마스터피스,1
마음에 들,1
마음에 들다,1
마음에 들어,1
마음에 여유가 있다,1
마음에 흐뭇하거나,1
마음에 흐뭇하고,1
마음에 흐뭇하여,1
마음에 흡족하여,1
마음을 편안하고,1
마음을 편히,1
마음이 가볍고,1
마음이 들뜬,1
마음이 맑게,1
마음이 맞고,1
마음이 설레다,1
마음이 즐겁고,1
마음이 참되고,1
마음이 크다,1
마음이 편안하게,1
마음이 편안하다,1
마음이 평온하다,1
마음이 평온히,1
마음이 한가하게,1
마음이 한가하다,1
마음이 후련하게,1
마음이 후련하고,1
마음이 후련하다,1
마음이 흐뭇하고,1
마음이 흡족하게,1
막힘없이,1
막힘없이 깨끗하고,1
막힘없이 잘,1
막힘이 없는,1
막힘이 없다,1
막힘이 없이,1
만족,1
만족과,1
만족과 기쁨을,1
만족스러운,1
만족스러운 데가,1
만족스러운 듯이,1
만족스러운 듯하다,1
만족스러운 모양,1
만족스럽거나,1
만족스럽게,1
만족스럽다,1
만족시키는,1
만족시키는 일,1
만족을 줄,1
만족하는,1
만족하다,1
만족한,1
만족한 마음이,1
만족할,1
만족할 만큼,1
만족할 만하다,1
만족할 만한,1
만족함,1
만큼 귀여운,1
많다,1
많은 경험으로,1
많은 복리,1
많은 복리를,1
많은 복을,1
말끔하게,1
말끔하게 바로잡다,1
말끔하게 바로잡히다,1
말끔하게 반듯이,1
말끔하게 이루어지다,1
말끔하게 하다,1
말끔하고,1
말끔하고 깨끗하게,1
말끔하다,1
말끔하여,1
말끔한,1
말끔한 모양,1
말끔히,1
말끔히 가다듬어,1
말쑥하고,1
말쑥하고 곱다,1
말쑥하고 단정하게,1
말쑥하고 잘생겨,1
말쑥하다,1
말쑥한 모양,1
말을 정답게,1
말짱하게,1
말짱하다,1
맑거나,1
맑거나 고르다,1
맑게,1
맑게 개는,1
맑고,1
맑고 고상한,1
맑고 고움,1
맑고 깨끗하다,1
맑고 깨끗하다는,1
맑고 깨끗한,1
맑고 또렷한,1
맑고 보드랍다,1
맑고 산뜻하게,1
맑고 아름다움,1
맑고 아름다움을,1
맑고 아름답다,1
맑고 투명하다,1
맑고 환하게,1
맑고 환한,1
맑다,1
맑다는,1
맑다는 뜻,1
맑아지는,1
맑아지는 모양,1
맑은,1
맑은 티가,1
맑은 향기가,1
맛 좋은,1
맛깔스럽게,1
맛도 좋은,1
맛이 개운하게,1
맛이 있게,1
맛이 있다,1
맛이 있으며,1
맛이 좋게,1
맛이 좋음,1
맛있게,1
맛있게 먹는,1
맛있게 먹다,1
맛있게 씹는,1
맛있게 씹다,1
맛있는,1
맛있는 것을,1
맛있다,1
맛집,1
맞게 행동하는,1
매력에 이끌리는,1
매력에 이끌리다,1
매력이 있다,1
매력있다,1
매력적이다,1
매우 고귀한,1
매우 곱다,1
매우 공손하게,1
매우 구성지고,1
매우 귀엽게,1
매우 귀중하게,1
매우 귀하다,1
매우 그러하다,1
매우 기뻐서,1
매우 기뻐하고,1
매우 기쁘다,1
매우 기쁨,1
매우 깨끗하고,1
매우 꾸준한,1
매우 꾸준함,1
매우 넉넉하고,1
매우 다정하다,1
매우 다행스럽다,1
매우 두텁다,1
매우 따뜻하게,1
매우 따뜻하다,1
매우 뛰어나,1
매우 뛰어나다,1
매우 뛰어난,1
매우 뛰어남,1
매우 만족스러운,1
매우 만족스럽다,1
매우 만족할,1
매우 맑고,1
매우 멀끔하다,1
매우 밝고,1
매우 보드라운,1
매우 보드랍게,1
매우 보드랍고,1
매우 보드랍다,1
매우 부드러운,1
매우 부드럽게,1
매우 부드럽고,1
매우 부드럽다,1
매우 분명한,1
매우 사랑하고,1
매우 상냥하고,1
매우 상서로운,1
매우 상서롭다,1
매우 설레거나,1
매우 섬세하고,1
매우 소중하게,1
매우 씩씩하고,1
매우 아담하고,1
매우 아름다운,1
매우 아름다움,1
매우 아름답게,1
매우 아름답고,1
매우 아름답다,1
매우 어질고,1
매우 여유로운,1
매우 온전하게,1
매우 온전하다,1
매우 용감하고,1
매우 원만하다,1
매우 원만한,1
매우 익살맞다,1
매우 잘된,1
매우 정겹고,1
매우 정답게,1
매우 정돈되어,1
매우 좋다,1
매우 좋아지다,1
매우 좋음,1
매우 중요하고,1
매우 즐거운,1
매우 즐겁고,1
매우 포근하게,1
매우 포근하고,1
매우 푸근하게,1
매우 필요하고,1
매우 화려하고,1
매우 후련하다,1
매우 후련한,1
매우 훌륭하게,1
매우 훤하고,1
매우 흐뭇하고,1
매우 흥이,1
맵시 있고,1
맵시가 있게,1
맵시가 있는,1
맵시가 있다,1
멀끔하게,1
멀끔하게 번듯이,1
멀끔하다,1
멀끔한,1
멀끔한 모양,1
멀끔히,1
멀끔히 가다듬어,1
멋,1
멋들어지게,1
멋스러운,1
멋스러운 경치를,1
멋스럽다,1
멋을,1
멋이 있는,1
멋이 있다,1
멋이나,1
멋있거나,1
멋있는,1
멋있다,1
멋쟁이,1
멋지게,1
멋지고,1
멋지고 부드러운,1
멋지고 훌륭한,1
멋지다,1
명랑하고,1
명랑하고 천진하게,1
명랑하다,1
명량하고,1
명량하다,1
명량한,1
명망이 높은,1
명성,1
명예,1
명예로운,1
명쾌하다,1
모범으로,1
모범으로 삼아,1
모범이 될,1
모양이 아름다워,1
목적을 달성한,1
목적을 이룸,1
몸가짐을 점잖고,1
몸을 튼튼하게,1
몸이 건강하고,1
몸이 실하고,1
몸이 회복되다,1
몹시 대단하고,1
몹시 따뜻하다,1
몹시 만족스러운,1
몹시 많거나,1
몹시 반드러운,1
몹시 반드럽다,1
몹시 번드럽다,1
몹시 사랑스럽다,1
몹시 사랑하거나,1
몹시 사랑하고,1
몹시 설레어,1
몹시 아끼고,1
몹시 야무지고,1
몹시 즐겨서,1
몹시 즐기는,1
무엇을 좋아하여,1
무엇이 훌륭하거나,1
무탈하다,1
무해하다,1
문제의 아름다움과,1
문학에 뛰어나고,1
물건이 귀엽게,1
물질적인 이득이나,1
미소,1
미인,1
믿을 만하고,1
믿음성,1
믿음성 있게,1
믿음직스러운,1
믿음직스러워,1
믿음직스럽게,1
믿음직스럽고,1
믿음직스럽다,1
믿음직하고,1
믿음직할,1
믿음직할 정도로,1
바람직스럽다,1
바람직하다,1
바람직한,1
바르거나,1
바르거나 옳게,1
바르게,1
바르고,1
바르고 곧게,1
바르고 곧다,1
바르다,1
바르며,1
바르며 상냥하게,1
바르며 상냥하다,1
바른,1
바른 도리,1
바른 말이나,1
바른 일과,1
바른 정치,1
바른 지혜로써,1
바를 이루어,1
반가운,1
반가운 비,1
반갑다,1
반기다,1
반드러운,1
반드러운 모양,1
반드럽게,1
반드럽다,1
반드르르하다,1
반듯하고 의젓한,1
받들어 공경하다,1
발랄하다,1
밝게,1
밝게 통달하는,1
밝고,1
밝고 강렬하게,1
밝고 경쾌하다,1
밝고 똑똑하다,1
밝고 똑똑한,1
밝고 보드랍게,1
밝고 선명하다,1
밝고 어질다,1
밝고 큰 덕,1
밝고 환함,1
밝고 활기가,1
밝다,1
밝아서,1
밝은,1
밝은 마음,1
밝은 빛이,1
밝은 사람,1
밝은 재주,1
밝은 지혜와,1
방긋,1
방긋 웃는,1
방긋 웃다,1
방긋방긋,1
방긋방긋 웃는,1
방긋방긋 웃다,1
방면에 능하고,1
버젓하고 당당하게,1
버젓하고 당당하다,1
번창한,1
번창한 집안,1
벙긋,1
벙긋 웃는,1
벙긋 웃다,1
벙긋벙긋,1
벙긋벙긋 웃는,1
벙긋벙긋 웃다,1
베푸는 마음이,1
베푸는 사랑,1
베푸는 사랑과,1
베푸는 정,1
병에서 벗어나,1
보고 즐기다,1
보기 좋게,1
보기 좋을,1
보기 좋을 정도로,1
보기에 사랑스럽거나,1
보기에 좋고,1
보기에 좋다,1
보기에 좋아지다,1
보드랍게 웃다,1
보드랍고 따뜻하다,1
보드랍고 따뜻하여,1
보드랍고 탐스럽게,1
보람 있는,1
복된,1
복된 좋은,1
복리,1
복스러운 모양,1
복스럽고,1
복스럽고 탐스러운,1
복스럽고 탐스럽다,1
복을,1
복을 쌓은,1
복이 되게,1
복이 됨,1
복이나,1
복이나 재주,1
본받아 따르다,1
부귀한,1
부귀한 몸이,1
부담이 없이,1
부드럽게 웃는,1
부드럽게 웃다,1
부드럽고 너그러운,1
부드럽고 너그럽다,1
부드럽고 따뜻하게,1
부드럽고 따뜻하다,1
부드럽고 따뜻하며,1
부드럽고 따뜻하여,1
부드럽고 따뜻한,1
부드럽고 영리한,1
부드럽고 온화하게,1
부드럽고 조용하며,1
부지런,1
부지런스럽다,1
부지런스레,1
부지런하고,1
부지런하다,1
부지런히,1
분위기를 좋게,1
분위기에 어울리게,1
빛나고 아름다운,1
빛나는 재주,1
빛나며 곱고,1
빠르고 시원스러운,1
빼어나게,1
빼어나게 아름다운,1
빼어나게 좋음,1
빼어나다,1
빼어난,1
빼어난 능력,1
뿌듯하다,1
뿌듯함,1
사람됨이 야무지다,1
사람됨이 좋은,1
사람들과 어울려,1
사람에게 베풀거나,1
사람을 감동시킬,1
사람을 구원하다,1
사람을 귀엽게,1
사람을 소중하게,1
사람을 아끼고,1
사람을 아끼어,1
사람의 업적과,1
사람의 착함을,1
사람이 좋아하여,1
사랑,1
사랑겹다,1
사랑과 은혜,1
사랑과 은혜를,1
사랑꾼,1
사랑둥이,1
사랑받고,1
사랑받고 칭찬받다,1
사랑받다,1
사랑스러운,1
사랑스러움,1
사랑스럽거나,1
사랑스럽거나 귀엽다,1
사랑스럽게,1
사랑스럽게 부르는,1
사랑스럽게 이르는,1
사랑스럽다,1
사랑스레,1
사랑으로,1
사랑을 받는,1
사랑을 받아,1
사랑의,1
사랑의 마음,1
사랑이 담긴,1
사랑이다,1
사랑하거나,1
사랑하거나 끌리어서,1
사랑하고,1
사랑하고 소중히,1
사랑하고 좋아함,1
사랑하고 즐기는,1
사랑하고 칭찬하다,1
사랑하는,1
사랑하는 마음,1
사랑하는 사람,1
사랑하다,1
사랑하여,1
사랑함,1
사랑해,1
사리에 맞게,1
사리에 맞고,1
사리에 밝은,1
사리에 밝음,1
사모,1
사모하다,1
사모하여,1
사모하여 동경함,1
사모함,1
사실을 긍정적으로,1
산뜻하거나,1
산뜻하게,1
산뜻하게 느껴지는,1
산뜻하게 생생히,1
산뜻하게 싱싱히,1
산뜻하고,1
산뜻하고 뚜렷하여,1
산뜻하고 부드러운,1
산뜻하다,1
살림이 넉넉한,1
살아가는 지혜를,1
상냥하게,1
상냥하게 행동하는,1
상냥하게 행동하다,1
상냥하고,1
상냥하고 너그러운,1
상냥하고 너그럽다,1
상냥하고 보드라운,1
상냥하고 보드랍다,1
상냥하고 부드러운,1
상냥하고 부드럽게,1
상냥하고 부드럽다,1
상냥하다,1
상냥하면서,1
상냥하면서 활발하다,1
상냥하면서 활발한,1
상냥한,1
상냥함,1
상쾌하게,1
상쾌하다,1
상쾌한,1
상쾌한 느낌,1
상쾌한 마음으로,1
상쾌한 몸의,1
상쾌할,1
상쾌할 때,1
상쾌히,1
새로운 접근 방식,1
생김새가 훤하고,1
생활이 즐겁고,1
생활이 풍요로워지다,1
서글서글한,1
서글서글한 데가,1
서로 정답고,1
서로 정답다,1
선하다,1
선행을,1
선행을 베푼,1
선호하는,1
선호하다,1
성격이 너그럽고,1
성격이 온화하고,1
성공,1
성공적,1
성공적이다,1
성공하다,1
성공하여,1
성공한,1
성글,1
성글거리다,1
성글고,1
성글고 곱다,1
성글대다,1
성글벙글,1
성글벙글거리다,1
성글벙글대다,1
성글벙글하다,1
성글성글,1
성글성글하다,1
성글하다,1
성대하다,1
성대한,1
성숙한,1
성실한 마음이,1
성의있다,1
성취함을,1
성품이 상냥하고,1
성품이 좋은,1
성품이 착하다,1
세련되고,1
세련되고 깔끔해지다,1
세련되고 아름다움,1
세련되다,1
세련된,1
세련된 데서,1
소담스러운,1
소담스러운 데가,1
소리가 맑고,1
소리가 맑고 은은하게,1
소문난 명성,1
소중하게,1
소중하게 여겨,1
소중하다,1
소중한,1
소중히,1
소중히 대하다,1
소중히 여기거나,1
소중히 여기고,1
소중히 여기는,1
소중히 여기다,1
소중히 여김,1
속이 깊다,1
속이 시원하고,1
솔직하다,1
솔직한,1
솜씨가 깨끗하고,1
솜씨가 뛰어난,1
수월하게,1
수월하게 거침없이,1
수월하다,1
수익을 거두게,1
수익을 거두다,1
수익을 거둠,1
수준이어서 만족할,1
수준이어서 만족할 만하다,1
순결,1
순수하고 깨끗하며,1
순수하고 깨끗한,1
순수하고 바르게,1
순수하고 바르다,1
순수하고 올바르다,1
순수한 이익,1
순수한 황금,1
순조롭게,1
순조롭게 되어,1
순조롭게 진행되어,1
숭상하여,1
숭상하여 좋아하는,1
쉽거나,1
쉽거나 편하다,1
쉽게 해결할 수 있는,1
슬기,1
슬기나 지혜,1
슬기로운,1
슬기로움을,1
슬기롭고,1
슬기롭고 영리해서,1
슬기롭다,1
승낙하다,1
시각적 아름다움을,1
시원스러운,1
시원스러운 모양,1
시원스러운 소리가,1
시원스럽게,1
시원스럽게 나는,1
시원스럽게 높다,1
시원스럽게 열리는,1
시원스럽게 하는,1
시원스럽게 하다,1
시원스럽게 행동하는,1
시원스럽게 훤하게,1
시원스럽게 훤하다,1
시원스럽고,1
시원스럽고 말쑥한,1
시원스럽고 빠른,1
시원스럽다,1
시원스럽도록,1
시원스레,1
시원시원,1
시원시원하다,1
시원시원한 모양,1
시원시원히,1
시원하게,1
시원하고,1
시원하고 말끔하게,1
시원하고 산뜻하게,1
시원하고 재미있다,1
시원하여 유쾌하다,1
시원하여 유쾌함,1
신나다,1
신명,1
신명하다,1
신바람,1
신이 나서,1
신이나 멋,1
실속 있게,1
실속 있고,1
실속 있도록,1
실속이 있게,1
실속이 있다,1
실용적이다,1
실용적인,1
실하게,1
실하게 든든히,1
실하고,1
실하고 야무지다,1
실하다,1
심쿵,1
싱그럽다,1
싱글거리다,1
싱글대다,1
싱글벙글,1
싱글벙글하다,1
싱싱하고,1
싱싱하고 맑은,1
싱싱하고 힘찬,1
싱싱하다,1
싱싱한,1
싱싱한 모양,1
싱싱히,1
싸근싸근히,1
싸글싸글히,1
싹싹하고,1
싹싹하고 상냥하게,1
쌓인 은혜,1
써글써글히,1
썩 좋거나,1
썩 훌륭하거나,1
씩씩하게 나아감,1
씩씩하고 시원시원한,1
씩씩하고 힘차다,1
아끼고 귀중히,1
아끼고 사랑하는,1
아끼고 소중히,1
아끼고 위하는,1
아름다우며,1
아름다우며 멋들어지게,1
아름다운,1
아름다운 경지,1
아름다운 경치,1
아름다운 경치를,1
아름다운 글,1
아름다운 글귀,1
아름다운 글귀를,1
아름다운 깃,1
아름다운 뜻,1
아름다운 말과,1
아름다운 말과 글,1
아름다운 말이나,1
아름다운 말이나 글,1
아름다운 문장,1
아름다운 문장이라는,1
아름다운 사람을,1
아름다운 수식이,1
아름다운 여인의,1
아름다운 여자를,1
아름다운 영예,1
아름다운 영예를,1
아름다운 옷,1
아름다운 용모와,1
아름다운 용모와 자태,1
아름다운 이미지로,1
아름다운 일,1
아름다운 장식,1
아름다운 재목,1
아름다운 점,1
아름다운 태가,1
아름다운 태도,1
아름다운 털,1
아름다움,1
아름다움과,1
아름다움을,1
아름다움을 나타내는,1
아름다움을 살펴,1
아름다움을 추구하는,1
아름다움이나,1
아름다워,1
아름다워 눈으로,1
아름다워서,1
아름다워서 관상용으로,1
아름답거나,1
아름답게,1
아름답게 꾸며져,1
아름답게 꾸미고,1
아름답게 빛나고,1
아름답고,1
아름답고 고운,1
아름답고 고운 빛깔,1
아름답고 부드러운,1
아름답고 섬세하게,1
아름답고 예쁘게,1
아름답고 요염함,1
아름답고 정연하게,1
아름답고 훌륭한,1
아름답다,1
아름답다고 찬양하는,1
아름답다고 찬양함,1
아리땁다,1
아무 탈이 없고,1
아주 깨끗하다,1
아주 깨끗한,1
아주 다정하고,1
아주 당당하고,1
아주 뛰어나고,1
아주 맑고,1
아주 맑아지는,1
아주 멋지게,1
아주 시원스럽게,1
아주 알맞게,1
아주 야무지고,1
아주 온전한,1
아주 요긴한,1
아주 잘되다,1
아주 잘됨,1
아주 적절하게,1
아주 적절한,1
아주 좋고,1
아주 좋아서,1
아주 좋은,1
아주 즐겁고,1
아주 친하게,1
아주 친하다,1
아주 탐스러울,1
아주 튼튼하다,1
아주 화목하고,1
안전,1
안전한,1
알차고,1
알차고 실하게,1
앙 기모띠,1
애정 어린,1
애지석지,1
애지석지하다,1
애지중지,1
애지중지하다,1
야무지게,1
야무지고,1
야무지고 굳세게,1
야무지고 튼튼하게,1
야무지다,1
어린아이가 영리하고,1
어여뿌다,1
어여쁘다,1
어울려,1
어울리게,1
어울리게 알맞다,1
어울리고,1
어울리는,1
어울리다,1
어울리어,1
어울리어 친하다,1
어울리어 호화스럽다,1
어진,1
어진 마음으로,1
어진 사람,1
어진 선비를,1
어질고,1
어질고 지혜로우며,1
얼굴이 곱고,1
얼굴이 깨끗하여,1
얼굴이 말쑥하고,1
엄친아,1
없고 편하게,1
없이 순수한,1
엘리트하다,1
여기거나 즐기는,1
여기거나 즐기다,1
여옥기인,1
열광,1
열광하다,1
열렬한 사랑,1
열렬히,1
열렬히 좋아하는,1
염려가 없이,1
영광,1
영광스럽고,1
영광스럽고 훌륭하게,1
영광스럽고 훌륭하다,1
영광스럽다,1
영롱하다,1
영리하게,1
영리하고,1
영리하고 지혜롭다,1
영리한,1
영리해서,1
영웅,1
영특하고,1
예뻐지다,1
예쁘게,1
예쁘게 벌리고,1
예쁘게 벌리며,1
예쁘고,1
예쁘고 곱거나,1
예쁘다,1
예쁘다를,1
예쁘다를 예스럽게,1
예쁜,1
예쁜 데가,1
예의 바르다,1
예의 바른,1
오붓하게,1
오붓하게 오순도순,1
오순도순,1
온갖 정성을,1
온화하게,1
온화하게 웃다,1
온화하고,1
온화하고 공손하게,1
온화하고 기품이,1
온화하고 부드러우며,1
온화하다,1
온화한,1
온화한 기색이나,1
올바로,1
올바로 볼,1
올바르게,1
올바르게 있어,1
올바르고,1
올바르고 착하여,1
올바르다,1
올바른,1
올바른 깨달음,1
올바른 데가,1
올바른 도리,1
올바른 도리에,1
올바른 지혜로,1
올바른 품성을,1
올바름,1
옳거나,1
옳거나 좋다고,1
옳게,1
옳고,1
옳고 바르다,1
옳은 말로,1
완벽하다,1
완소,1
완전무결한,1
완전무결한 일을,1
완전한 조화를,1
완전한 지혜를,1
완전히 이기다,1
용감하게,1
용감하고,1
용감하고 씩씩하게,1
용감하다,1
용감히,1
용기가 뛰어나고,1
용렬하게,1
용렬하게 굴다,1
우러러,1
우러러 받들고,1
우수,1
우수하다,1
우수한,1
우아하게,1
우아하고,1
우아하다,1
우아함,1
우월성,1
우월하다,1
운이 좋게,1
웃는,1
웃는 모양,1
웃는 소리,1
웃다,1
웃다성글대다,1
웃으며,1
웃으면서,1
웃으면서 재미있게,1
웃을,1
웃을 만하다,1
원하는 대로,1
원활하여,1
월등히,1
월등히 훌륭하거나,1
웰빙,1
위대하다,1
위대한,1
위대한 사람,1
위엄 있고,1
위엄을,1
위엄을 보이거나,1
위엄이 있고,1
위엄이 있다,1
위트,1
유능하다,1
유능한,1
유능한 인재를,1
유리한,1
유용하다,1
유용한,1
유용한 구석,1
유익하다,1
유익한,1
유익한 교훈,1
유지함,1
유창하게,1
유창한,1
유쾌감,1
유쾌하게,1
유쾌하게 웃는,1
유쾌하게 웃다,1
유쾌하고,1
유쾌하고 즐거운,1
유쾌하다,1
유쾌한,1
유쾌한 기분,1
유쾌한 기분이나,1
유쾌한 느낌이,1
유쾌함,1
유쾌히,1
으쓱,1
으쓱거리다,1
으쓱으쓱,1
으쓱으쓱하다,1
으쓱이다,1
으쓱하다,1
은총,1
은혜,1
은혜나,1
은혜나 행복,1
은혜롭다,1
은혜를,1
은혜를 갚거나,1
은혜를 거듭함,1
은혜를 배풂,1
은혜를 베풀,1
은혜를 베풀다,1
은혜를 베풀어서,1
은혜를 베풂,1
은혜를 입음,1
은혜에,1
은혜에 보답하는,1
은혜와,1
음식을 맛있게,1
의가 좋다,1
의가 좋음을,1
의로운,1
의로운 마음,1
의로운 일,1
의롭다,1
의지가 굳세고,1
의합하다,1
이득,1
이득을,1
이득이나,1
이듬해에 풍년이,1
이로우며,1
이롭거나,1
이롭게,1
이롭게 쓰다,1
이롭게 쓰이다,1
이롭게 하는,1
이롭게 하려고,1
이쁘다,1
이쁘장스럽다,1
이쁜,1
이성적,1
이성적인,1
이익,1
이익을,1
이익을 보는,1
이익을 얻는,1
이익을 얻다,1
이익을 얻음,1
이익이,1
이익이 될,1
이익이 될만한,1
이쪽저쪽으로 귀엽게,1
이치가 깊고,1
이치를 깨닫거나,1
이치를 깨닫다,1
이치를 깨달아,1
이치를 아는,1
이치에 맞게,1
이치에 밝다,1
이치에 밝아서,1
이타적인,1
인기가 있다,1
인기있는,1
인기있다,1
인정되거나,1
인정되거나 합격하다,1
인정받는,1
인정이 두텁다,1
인정있다,1
인품이 고결,1
일솜씨가 뛰어나거나,1
일을 이루거나,1
일을 해결하거나,1
일을 해내다,1
일을 해낼,1
일이 순조롭게,1
일이 잘되게,1
일이 잘되도록,1
일이 잘되어,1
일품이다,1
입가에 웃음이,1
입담 좋게,1
입을 예쁘게,1
자꾸 귀엽게,1
자꾸 흡족하게,1
자랑스럽다,1
자비가 넓고,1
자상하게,1
자상하다,1
자애로,1
자애를,1
자애를 베푸는,1
작고 귀여운,1
잘 가다듬어,1
잘 간직하여,1
잘 다듬어져,1
잘 다스려,1
잘 다스리는,1
잘 다스림,1
잘 대우하다,1
잘 대우하여,1
잘 들다,1
잘 먹거나,1
잘 먹거나 마시다,1
잘 먹다,1
잘 먹음으로써,1
잘 받아,1
잘 보살펴,1
잘 사귀는,1
잘 살려,1
잘 살핌,1
잘 아는,1
잘 알다,1
잘 알아,1
잘 알아서,1
잘 어울려,1
잘 어울리는,1
잘 어울리다,1
잘 어울리어,1
잘 어울림,1
잘 여문,1
잘 여물다,1
잘 이끌어,1
잘 익거나,1
잘 익다,1
잘 있는,1
잘 자라게,1
잘 정돈되어,1
잘 조화되어,1
잘 지내거나,1
잘 지켜,1
잘 진행되다,1
잘 진행되어,1
잘 짓는,1
잘 처리되다,1
잘 처리하다,1
잘 팔리다,1
잘 해낼,1
잘되고,1
잘되다,1
잘되어,1
잘되어 가게,1
잘되어 가는,1
잘되어 가다,1
잘된,1
잘된 것을,1
잘된 작품,1
잘될,1
잘될 가능성이,1
잘됨,1
잘먹다,1
잘못되지 아니하도록,1
잘생겨,1
잘생겨 보기에,1
잘생기다,1
잘하는,1
잘하는 것이,1
잘하는 능력이,1
잘하다,1
잘한,1
잘한 일을,1
잘해,1
잘해 나가다,1
잘해 내는,1
장엄한,1
장점,1
장점을,1
장점이다,1
장하다,1
재미,1
재미가 있어,1
재미있게,1
재미있는,1
재미있는 국면,1
재미있는 말을,1
재미있는 일을,1
재미있다,1
재밌는,1
재주가 뛰어나고,1
재주가 뛰어나다,1
재주가 뛰어난,1
재주가 뛰어남,1
재질이 뛰어나고,1
재치가 있다,1
적절한,1
적절히,1
절친,1
젊은,1
점잖게,1
점잖고,1
점잖고 엄숙하게,1
점잖다,1
점잖은,1
점잖은 사람,1
점잖이,1
정겹고,1
정겹고 고분고분하게,1
정겹고 고분고분하다,1
정겹다,1
정교하고 아름답다,1
정다운,1
정다운 이야기,1
정답게,1
정답게 안는,1
정답게 웃는,1
정답게 웃다,1
정답게 이르는,1
정답게 이야기하거나,1
정답게 자꾸,1
정답게 주고받다,1
정답게 지내는,1
정답게 지저귀다,1
정답게 지저귐,1
정답게 흘러가는,1
정답고,1
정답고 귀엽게,1
정답고 포근하게,1
정답고 환하게,1
정답다,1
정성으로,1
정이 두텁고,1
정이 두텁다,1
정정당당하다,1
정정당당한,1
정정당당한 태도로,1
정조가 굳고,1
정중하다,1
제법 예쁜,1
제일 잘하다,1
조화,1
조화되어,1
조화된,1
조화된 자세를,1
조화로운,1
조화로움,1
조화롭고,1
조화롭고 포괄적인,1
조화롭다,1
조화를,1
조화를 이루다,1
조화를 이루도록,1
조화시키고,1
조화시키고 창조하는,1
존경받는,1
존경받는 벗,1
존경받다,1
존경스럽거나,1
존경스럽거나 사랑스러운,1
존경의,1
존경의 뜻을,1
존경하는,1
존경하는 마음으로,1
존경하는 사람,1
존경할 만한,1
존귀하고,1
존귀한,1
존귀한 사람이라는,1
존귀한 성과,1
존대를,1
존예,1
존잘,1
존중할 만하다,1
좋거나,1
좋거나 아름답다고,1
좋거나 훌륭하다,1
좋게,1
좋게 고치기,1
좋게 고치다,1
좋게 꼴로,1
좋게 나서서,1
좋게 나아가다,1
좋게 되다,1
좋게 만들다,1
좋게 만들어지다,1
좋게 발전할,1
좋게 생각하여,1
좋게 여기는,1
좋게 여기다,1
좋게 여김,1
좋게 탐스러운,1
좋게 탐스럽다,1
좋게 퍼져서,1
좋게 평가하여,1
좋게 하다,1
좋고,1
좋고 굉장하게,1
좋고 옳은,1
좋다,1
좋다고,1
좋다고 판단하여,1
좋도록 주선하는,1
좋도록 주선하다,1
좋아,1
좋아 보이거나,1
좋아서,1
좋아서 탐스러운,1
좋아지내다,1
좋아지다,1
좋아하거나,1
좋아하거나 즐기다,1
좋아하고,1
좋아하는,1
좋아하는 것,1
좋아하는 기운,1
좋아하는 대상,1
좋아하는 마음,1
좋아하는 마음이,1
좋아하다,1
좋아하여,1
좋아하여 애착을,1
좋아함,1
좋아해,1
좋으면,1
좋은,1
좋은 결과나,1
좋은 경치,1
좋은 경치를,1
좋은 곳,1
좋은 곳을,1
좋은 과보,1
좋은 기회나,1
좋은 기회를,1
좋은 길로,1
좋은 내용을,1
좋은 냄새와,1
좋은 느낌,1
좋은 느낌을,1
좋은 대책과,1
좋은 대책을,1
좋은 데가,1
좋은 말글,1
좋은 맛,1
좋은 반응이,1
좋은 복장,1
좋은 사람,1
좋은 산과,1
좋은 상태로,1
좋은 생각이,1
좋은 석탄을,1
좋은 성과를,1
좋은 시절,1
좋은 옷을,1
좋은 운수,1
좋은 운수를,1
좋은 유전,1
좋은 음식,1
좋은 음식을,1
좋은 일,1
좋은 일을,1
좋은 일이,1
좋은 점이나,1
좋은 특성,1
좋은 풍채,1
좋은 풍채를,1
좋은 향기가,1
좋은 황금을,1
좋은일하기운동,1
좋을,1
좋을 정도라서,1
좋을 정도로,1
좋음,1
좋음을,1
좋음을 이르는,1
주무르기 좋게,1
중생을 이롭게,1
중요하게 여겨,1
중요한 대목,1
중히 여기는,1
즐거운,1
즐거운 감정,1
즐거운 감정을,1
즐거운 느낌이나,1
즐거운 일,1
즐거운 일을,1
즐거운 표정으로,1
즐거움,1
즐거움과,1
즐거움과 만족을,1
즐거움과 행복을,1
즐거움을,1
즐거움을 나누다,1
즐거움을 주는,1
즐거움이,1
즐거움이 큼을,1
즐거워,1
즐거워하다,1
즐거워한다는,1
즐거워한다는 뜻으로,1
즐거워함,1
즐거음을 주는,1
즐겁게,1
즐겁게 누리거나,1
즐겁게 여기다,1
즐겁게 웃는,1
즐겁게 지내다,1
즐겁게 하거나,1
즐겁게 하는,1
즐겁게 하다,1
즐겁게 함,1
즐겁고,1
즐겁고 기쁘게,1
즐겁고 기쁘다,1
즐겁고 기쁜,1
즐겁고 상쾌하게,1
즐겁고 상쾌한,1
즐겁고 시원하여,1
즐겁고 유쾌한,1
즐겁고 좋은,1
즐겁고 평화로움,1
즐겁다,1
즐겨,1
즐겨 부를,1
즐기고,1
즐기기,1
즐기기 위하여,1
즐기는,1
즐기는 마음,1
즐기는 사람,1
즐기는 생활,1
즐기는 성향이,1
즐기는 자리,1
즐기다,1
즐기며,1
즐기며 놀리거나,1
즐김,1
지극한 정성으로,1
지적이다,1
지적인,1
지혜,1
지혜가,1
지혜가 뛰어나다,1
지혜가 뛰어남,1
지혜가 많은,1
지혜가 밝다,1
지혜로,1
지혜로부터,1
지혜로써,1
지혜롭고,1
지혜롭고 밝은,1
지혜롭다,1
지혜를,1
지혜를 성취함,1
지혜를 아울러,1
지혜를 얻어,1
지혜와,1
지혜의,1
지혜의 힘,1
지혜이다,1
진국이다,1
진귀하고,1
진귀하고 맛있는,1
진리를 깨달아,1
진리와 아름다움,1
진취적이다,1
착실하다,1
착실한,1
착하고,1
착하고 훌륭한,1
착하다,1
착하여,1
착하여 도덕적,1
착한,1
착한 마음을,1
착한 벗이,1
착한 사람을,1
착한 행실을,1
착함을 좋아하는,1
찬란하거나,1
찬란하거나 화려하다,1
찬란하거나 화려함,1
찬란하다,1
찬미하는,1
찬미하는 노래,1
찬미한,1
찬미한 글,1
찬양,1
찬양하는,1
찬양하는 뜻으로,1
찬양하다,1
찬양함,1
찬칭하다,1
찬탄하고,1
찬탄하는,1
찬탄하는 노래,1
찬탄하는 의미로,1
찬탄하여,1
찬탄한,1
찬탄한 글,1
찬한 사람의,1
참다운,1
참다운 경지,1
참다운 지혜로,1
참답게,1
참되고,1
참되고 성실한,1
참되고 순결한,1
참되고 올바르다,1
참되고 지극할,1
참되고 착실하다,1
참된,1
참된 가르침,1
참된 도리,1
참된 뜻에,1
참된 마음,1
참된 모습을,1
참된 인간,1
참된 증거,1
참된 지혜로부터,1
참신한,1
참실하다,1
창의적이다,1
책임감 있는,1
청결하다,1
청결한,1
총명하고,1
최고,1
최고 품질,1
최고급,1
최고의,1
최고의 경지에,1
최고의 아름다움,1
최상급,1
최상의,1
최상의 것,1
축복,1
축복하다,1
축하,1
축하하거나,1
축하하거나 기리는,1
축하하거나 찬양하는,1
축하함,1
출려,1
출세시켜,1
출세시켜 준,1
출세하여,1
충성스러운,1
충족되어,1
취직하다,1
친근하고,1
친근하고 존경스럽거나,1
친근하다,1
친밀하게,1
친밀하게 여기거나,1
친밀하게 지내는,1
친밀하게 하다,1
친밀한,1
친밀한 사이를,1
친밀함,1
친밀히,1
친밀히 사랑하다,1
친밀히 사랑함,1
친애,1
친애롭다,1
친애하다,1
친절,1
친절하게,1
친절하다,1
친절한,1
친절한 마음씨,1
친하게,1
친하게 지내는,1
친하게 지내다,1
친하다,1
친한,1
친한 사람,1
친화적인,1
칠칠한,1
칭송하는,1
칭송하는 말,1
칭송할,1
칭송할 때,1
칭송함,1
칭양하다,1
칭예하다,1
칭찬,1
칭찬받다,1
칭찬을,1
칭찬을 받을,1
칭찬하고,1
칭찬하다,1
칭찬하여,1
칭찬하여 말하다,1
칭찬할 만한,1
칭찬함,1
쾌활하다,1
쾌활한,1
크게 감동이,1
크게 감동하는,1
크게 감동하다,1
크게 감동함,1
크게 감탄할,1
크게 웃는,1
크게 칭찬하여,1
크게 칭찬함,1
크고 너그럽다,1
크고 아름답다,1
큰 공덕이,1
큰 덕,1
큰 성과가,1
큰 수익을,1
큰 재주,1
큰 칭찬,1
킹왕짱,1
탁월하다,1
탄복하다,1
탄복할,1
탄복할 만하다,1
탄복함,1
탐스러운,1
탐스러운 데가,1
탐스러운 모양,1
탐스러울,1
탐스러울 정도로,1
탐스럽게,1
탐스럽게 웃다,1
탐스럽게 쥐거나,1
탐스럽게 피어나는,1
탐스럽고 귀엽게,1
탐스럽고 복스러운,1
탐스럽다,1
통쾌,1
통쾌하다,1
특권,1
편리,1
편리성,1
편리하고,1
편리하다,1
편안,1
편안하게,1
편안하게 다스림,1
편안하고,1
편안하고 고요하게,1
편안하고 고요함,1
편안하고 조용한,1
편안하고 한가하게,1
편안하다,1
편안한,1
편안한 느낌,1
편안한 느낌이,1
편안한 삶을,1
편안히,1
편안히 잔다는,1
편안히 지냄을,1
편안히 하다,1
편하게,1
편하게 되다,1
편하게 하다,1
편하고,1
편하고 순조롭게,1
편하고 이로우며,1
편하다,1
편한,1
편한 마음으로,1
편히,1
편히 가지다,1
편히 가짐,1
평안하다,1
평안하여,1
평안한,1
평안한 마음으로,1
평안함,1
평안히,1
평안히 지내다,1
평안히 지냄,1
평온,1
평온무사,1
평온무사하다,1
평온하다,1
평온히,1
평탄하다,1
평화로운,1
평화로운 상태가,1
평화로움,1
평화롭게,1
평화롭게 지내자고,1
평화롭다,1
품질이 우수한,1
품질이 좋고,1
품질이 좋은,1
품행이 뛰어난,1
풍년이,1
풍년이 들,1
풍성하고 아름답게,1
풍성하고 아름답다,1
풍채가 훤하여,1
풍치가 있고,1
하드캐리,1
학문이 뛰어난,1
학식이 뛰어나,1
학식이 아주 뛰어나고,1
한결같은,1
한결같은 사랑으로,1
한결같이 부지런하고,1
함께 기뻐하는,1
행동을 시원스럽게,1
행동의 아름다움,1
행동이 반듯하고,1
행동이 발라서,1
행동이 번듯하고,1
행동이 시원스럽다,1
행동이 씩씩하고,1
행동이 점잖은,1
행동이 활달하고,1
행복,1
행복감,1
행복스럽다,1
행복을,1
행복을 함께,1
행복하다,1
행복한,1
행복한 생활을,1
행복한 처지나,1
행실이 깨끗하게,1
행우하다,1
행운을,1
행운을 누림,1
헌식적이다,1
헌신적,1
헌신적인,1
혁신,1
현명한,1
호감,1
호감갖다,1
호감있다,1
호감정,1
호감하다,1
호강하다,1
호의,1
호의나,1
호의나 도움,1
호화롭고,1
호화롭고 편안한,1
화기애애한,1
화기애애한 때를,1
화목하게,1
화목하고,1
화목하고 화기애애한,1
화목하다,1
화목한,1
화목한 분위기가,1
화목함,1
화사하다,1
화창하여,1
화창한,1
화창한 봄날에,1
화창한 봄날의,1
환성을,1
환성을 올리며,1
환성을 울리며,1
환영하다,1
환하게,1
환하게 깨끗하다,1
환하게 맑다,1
환하게 빛나며,1
환하게 알고,1
환하게 웃는,1
환하게 웃다,1
환하게 자꾸,1
환하고,1
환하고 부드럽게,1
환하고 좋아,1
환하다,1
환한,1
환한 모양,1
환함,1
활기,1
활기 있는,1
활기 있다,1
활기가,1
활기가 있는,1
활기가 있다,1
활기를,1
활기를 띠게,1
활기에 찬,1
활달하고,1
활달하고 서글서글한,1
활발하고,1
활발하고 생기가,1
활발하다,1
활발한,1
활발한 모양,1
황송한,1
황홀,1
황홀감,1
황홀하다,1
효도를 다하다,1
효도하다,1
훈훈하다,1
훌륭하거나,1
훌륭하거나 굉장하다,1
훌륭하거나 남에게,1
훌륭하거나 뛰어나,1
훌륭하거나 좋거나,1
훌륭하게,1
훌륭하고,1
훌륭하고 갸륵한,1
훌륭하고 뛰어난,1
훌륭하고 바른,1
훌륭하고 아름다움,1
훌륭하다,1
훌륭한,1
훌륭한 것이나,1
훌륭한 경치,1
훌륭한 글,1
훌륭한 기술,1
훌륭한 도,1
훌륭한 마음가짐,1
훌륭한 부처의,1
훌륭한 사람,1
훌륭한 사람의,1
훌륭한 업적이나,1
훌륭한 예술,1
훌륭한 음식,1
훌륭한 이야기,1
훌륭한 인격이나,1
훌륭한 인물,1
훌륭한 인물이,1
훌륭한 인물이나,1
훌륭한 인재,1
훌륭한 일을,1
훌륭한 재능,1
훌륭한 저서,1
훌륭한 집안,1
훌륭한 특성,1
훌륭한 품성,1
훌륭한 품위,1
훌륭한 행실을,1
훤칠,1
훤칠하다,1
훤하여 훌륭하다,1
휼륭한 소리나,1
흐름이 순탄하게,1
흐름이 적절하게,1
흐뭇하거나,1
흐뭇하게,1
흐뭇하게 하다,1
흐뭇하고,1
흐뭇하고 가뿐하게,1
흐뭇하고 가뿐하다,1
흐뭇하고 가뿐한,1
흐뭇하고 기쁘게,1
흐뭇하고 기쁘다,1
흐뭇하고 만족스러운,1
흐뭇하고 만족스럽다,1
흐뭇하고 즐겁게,1
흐뭇하고 즐겁다,1
흐뭇하고 흡족하다,1
흐뭇하고 흡족한,1
흐뭇하다,1
흐뭇하여,1
흐뭇한,1
흐뭇한 듯이,1
흐뭇한 맛,1
흐뭇할,1
흐뭇할 정도로,1
흐뭇함,1
흔모,1
흔모하다,1
흔히 기쁜,1
흠모,1
흠모하다,1
흠애,1
흠애하다,1
흡만하다,1
흡족,1
흡족하게,1
흡족하게 웃는,1
흡족하다,1
흡족하여,1
흡족한,1
흡족한 마음이나,1
흥감,1
흥감스럽다,1
흥감스레,1
흥감하다,1
흥겨운,1
흥겨운 멋이나,1
흥겨운 멋이나 기분,1
흥겨운 신이나,1
흥겹게,1
흥겹게 놀리며,1
흥겹게 느끼다,1
흥겹게 느낌,1
흥겹게 타는,1
흥겹고,1
흥겹고 귀엽게,1
흥겹다,1
흥에,1
흥에 겨워,1
흥이,1
흥이 나서,1
흥취,1
흥취 있게,1
흥하다,1
흥행,1
흥행되다,1
흥행작,1
흥행하다,1
흥행화하다,1
희락,1
희희낙락,1
희희낙락거리다,1
희희낙락대다,1
희희낙락하다,1
희희호호,1
힘이 강하다,1
힘이 기운차게,1
힘차게,1
힘차게 진행되는,1
힘차고,1
힘차고 대단한,1
힘차고 튼튼하다,1
힘차다,1
힘찬,1
힘찬 기운이,1
섹시하다,1
원더풀,1
쾌적,1
쾌적한,1
쾌적하다,1
함박웃음,1
득점,1
상위,1
상위권,1
안정감,1
적극적이다,1
승리,1
승리하다,1
유명하다,1
넓다,1
조용하다,1
가깝다,1
푹신하다,1
아늑하다,1
재밌다,1
한적하다,1
가볍다,1
흔쾌하다,1
뽀송하다,1
다행하다,1
쉽다,1
가득하다,1
은은하다,1
뽀송뽀송하다,1
신속하다,1
섬세하다,1
딱좋다,1
끝내주다,1
쉽다,1
딱이다,1
널찍하다,1
왕친절,1
잘쉬다,1
또 오고싶다,1
짱,1
저렴하게 잘,1
호텔급,1
방이 넓다,1
갈 때마다 좋다,1
에서 제일 좋다,1
항상 잘 이용,1
너무 친절하게,1
재방문 하고싶은,1
넓은 객실,1
가성비 좋다,1
냄새가 안났다,1
업그레이드,1